[{"pk": 1, "model": "contenttypes.contenttype", "fields": {"model": "permission", "name": "permission", "app_label": "auth"}}, {"pk": 2, "model": "contenttypes.contenttype", "fields": {"model": "group", "name": "group", "app_label": "auth"}}, {"pk": 3, "model": "contenttypes.contenttype", "fields": {"model": "user", "name": "user", "app_label": "auth"}}, {"pk": 4, "model": "contenttypes.contenttype", "fields": {"model": "contenttype", "name": "content type", "app_label": "contenttypes"}}, {"pk": 5, "model": "contenttypes.contenttype", "fields": {"model": "session", "name": "session", "app_label": "sessions"}}, {"pk": 6, "model": "contenttypes.contenttype", "fields": {"model": "site", "name": "site", "app_label": "sites"}}, {"pk": 7, "model": "contenttypes.contenttype", "fields": {"model": "logentry", "name": "log entry", "app_label": "admin"}}, {"pk": 8, "model": "contenttypes.contenttype", "fields": {"model": "userprofile", "name": "user", "app_label": "index"}}, {"pk": 9, "model": "contenttypes.contenttype", "fields": {"model": "cryptocurrency", "name": "cryptocurrency", "app_label": "wallet"}}, {"pk": 10, "model": "contenttypes.contenttype", "fields": {"model": "commission", "name": "commission", "app_label": "wallet"}}, {"pk": 11, "model": "contenttypes.contenttype", "fields": {"model": "history", "name": "history", "app_label": "wallet"}}, {"pk": 12, "model": "contenttypes.contenttype", "fields": {"model": "commissionhistory", "name": "commission history", "app_label": "wallet"}}, {"pk": 13, "model": "contenttypes.contenttype", "fields": {"model": "deposithistory", "name": "deposit history", "app_label": "wallet"}}, {"pk": 14, "model": "contenttypes.contenttype", "fields": {"model": "withdrawcodes", "name": "withdraw codes", "app_label": "wallet"}}, {"pk": 15, "model": "contenttypes.contenttype", "fields": {"model": "userwallet", "name": "user wallet", "app_label": "wallet"}}, {"pk": 16, "model": "contenttypes.contenttype", "fields": {"model": "litewallet", "name": "lite wallet", "app_label": "wallet"}}, {"pk": 17, "model": "contenttypes.contenttype", "fields": {"model": "userproxy", "name": "user proxy", "app_label": "wallet"}}, {"pk": 18, "model": "contenttypes.contenttype", "fields": {"model": "plnwallet", "name": "pln wallet", "app_label": "wallet"}}, {"pk": 19, "model": "contenttypes.contenttype", "fields": {"model": "usernotconfirmed", "name": "user not confirmed", "app_label": "index"}}, {"pk": 20, "model": "contenttypes.contenttype", "fields": {"model": "newss", "name": "newss", "app_label": "index"}}, {"pk": "4fdfg4af8fmtl0lrenvyi07xjsjashuc", "model": "sessions.session", "fields": {"expire_date": "2014-06-21T16:46:23.602Z", "session_data": "ZDdmMGU5MDZmMTc0OWI0MDc1NGRmMDc4OWM2MTgzYTA5NmUwNjBlYjp7fQ=="}}, {"pk": "7invfqgzxapk2u54cbp3uvrai7krx32v", "model": "sessions.session", "fields": {"expire_date": "2014-06-28T23:38:40.507Z", "session_data": "YTFkMDVhYzk2NzE0ODgyNDg4YjFhNTE1N2I5NjQ5M2IzMmYzYzY1Yjp7Il9hdXRoX3VzZXJfYmFja2VuZCI6ImRqYW5nby5jb250cmliLmF1dGguYmFja2VuZHMuTW9kZWxCYWNrZW5kIiwiX2F1dGhfdXNlcl9pZCI6MX0="}}, {"pk": "ct7h1550y3u5m6hma6yser43pfxt2gjo", "model": "sessions.session", "fields": {"expire_date": "2014-06-29T21:35:59.582Z", "session_data": "NThmOTQzOWJhZGY3ZDkwOTMxNmY0MWYwNzkyNDIxZjU2NWNmNzdiNzp7Il9hdXRoX3VzZXJfYmFja2VuZCI6ImRqYW5nby5jb250cmliLmF1dGguYmFja2VuZHMuTW9kZWxCYWNrZW5kIiwiX2F1dGhfdXNlcl9pZCI6Mn0="}}, {"pk": "i30gem95t3k7atmvvtb2sybo35hbxvm2", "model": "sessions.session", "fields": {"expire_date": "2014-06-17T20:43:21.413Z", "session_data": "YTFkMDVhYzk2NzE0ODgyNDg4YjFhNTE1N2I5NjQ5M2IzMmYzYzY1Yjp7Il9hdXRoX3VzZXJfYmFja2VuZCI6ImRqYW5nby5jb250cmliLmF1dGguYmFja2VuZHMuTW9kZWxCYWNrZW5kIiwiX2F1dGhfdXNlcl9pZCI6MX0="}}, {"pk": "lgkhu5o6eoqs18yzh4bpnvq8tjknhnxe", "model": "sessions.session", "fields": {"expire_date": "2014-06-28T23:36:41.599Z", "session_data": "MmJhZmM4YjgxMzg2ZmRiN2IyOTFmZjM5OTM0YjJmYmViN2FhZDFhNzp7InRlc3Rjb29raWUiOiJ3b3JrZWQiLCJfYXV0aF91c2VyX2lkIjoyLCJfYXV0aF91c2VyX2JhY2tlbmQiOiJkamFuZ28uY29udHJpYi5hdXRoLmJhY2tlbmRzLk1vZGVsQmFja2VuZCJ9"}}, {"pk": "oszzvyxa1ib2jwqiu42nsw4qkgedz5cx", "model": "sessions.session", "fields": {"expire_date": "2014-06-21T16:05:27.023Z", "session_data": "YTFkMDVhYzk2NzE0ODgyNDg4YjFhNTE1N2I5NjQ5M2IzMmYzYzY1Yjp7Il9hdXRoX3VzZXJfYmFja2VuZCI6ImRqYW5nby5jb250cmliLmF1dGguYmFja2VuZHMuTW9kZWxCYWNrZW5kIiwiX2F1dGhfdXNlcl9pZCI6MX0="}}, {"pk": "qnuttn5bbf65b7qyxgicrjmzprcf0528", "model": "sessions.session", "fields": {"expire_date": "2014-06-29T17:52:45.030Z", "session_data": "YTFkMDVhYzk2NzE0ODgyNDg4YjFhNTE1N2I5NjQ5M2IzMmYzYzY1Yjp7Il9hdXRoX3VzZXJfYmFja2VuZCI6ImRqYW5nby5jb250cmliLmF1dGguYmFja2VuZHMuTW9kZWxCYWNrZW5kIiwiX2F1dGhfdXNlcl9pZCI6MX0="}}, {"pk": 1, "model": "sites.site", "fields": {"domain": "example.com", "name": "example.com"}}, {"pk": 1, "model": "wallet.cryptocurrency", "fields": {"name": "BTC"}}, {"pk": 2, "model": "wallet.cryptocurrency", "fields": {"name": "LTC"}}, {"pk": 3, "model": "wallet.cryptocurrency", "fields": {"name": "GLDC"}}, {"pk": 1, "model": "wallet.commission", "fields": {"time_limit": "2016-03-03T01:30:00Z", "destination_amount": "62.5", "source_amount": "0.00150125", "destination_wallet": 13, "destination_price": "41631.9733555371", "source_wallet": 3, "source_price": "0.00002402"}}, {"pk": 2, "model": "wallet.commission", "fields": {"time_limit": "2016-03-03T01:30:00Z", "destination_amount": "0.0153369", "source_amount": "3.7E-7", "destination_wallet": 13, "destination_price": "41451.0810810811", "source_wallet": 3, "source_price": "0.0000241248231389655"}}, {"pk": 3, "model": "wallet.commission", "fields": {"time_limit": "2016-03-03T01:30:00Z", "destination_amount": "0.0302624", "source_amount": "7.1E-7", "destination_wallet": 13, "destination_price": "42623.0985915493", "source_wallet": 3, "source_price": "0.0000234614571217088"}}, {"pk": 4, "model": "wallet.commission", "fields": {"time_limit": "2016-03-03T01:30:00Z", "destination_amount": "0.0085895", "source_amount": "2.0E-7", "destination_wallet": 13, "destination_price": "42947.5", "source_wallet": 3, "source_price": "0.0000232842423889633"}}, {"pk": 5, "model": "wallet.commission", "fields": {"time_limit": "2016-03-03T01:30:00Z", "destination_amount": "2397.72782131", "source_amount": "0.05574717", "destination_wallet": 13, "destination_price": "43010.7541120025", "source_wallet": 3, "source_price": "0.0000232499992303307"}}, {"pk": 6, "model": "wallet.commission", "fields": {"time_limit": "2016-03-03T01:30:00Z", "destination_amount": "0.00587091", "source_amount": "1.4E-7", "destination_wallet": 13, "destination_price": "41935.0714285714", "source_wallet": 3, "source_price": "0.0000238463883793143"}}, {"pk": 7, "model": "wallet.commission", "fields": {"time_limit": "2016-03-03T01:30:00Z", "destination_amount": "33.20720852", "source_amount": "0.00076277", "destination_wallet": 13, "destination_price": "43535.0217234553", "source_wallet": 3, "source_price": "0.0000229700126567579"}}, {"pk": 8, "model": "wallet.commission", "fields": {"time_limit": "2016-03-03T01:30:00Z", "destination_amount": "5000", "source_amount": "0.11375", "destination_wallet": 13, "destination_price": "43956.043956044", "source_wallet": 3, "source_price": "0.00002275"}}, {"pk": 9, "model": "wallet.commission", "fields": {"time_limit": "2016-03-03T01:30:00Z", "destination_amount": "2206.06690179", "source_amount": "0.04965857", "destination_wallet": 13, "destination_price": "44424.6965184459", "source_wallet": 3, "source_price": "0.000022510001831634"}}, {"pk": 10, "model": "wallet.commission", "fields": {"time_limit": "2016-03-03T01:30:00Z", "destination_amount": "333.33333333", "source_amount": "0.00745667", "destination_wallet": 13, "destination_price": "44702.7068825629", "source_wallet": 3, "source_price": "0.0000223700100002237"}}, {"pk": 11, "model": "wallet.commission", "fields": {"time_limit": "2016-03-03T01:30:00Z", "destination_amount": "1274.78849029", "source_amount": "0.02824931", "destination_wallet": 13, "destination_price": "45126.3584947739", "source_wallet": 3, "source_price": "0.000022159997689949"}}, {"pk": 12, "model": "wallet.commission", "fields": {"time_limit": "2016-03-03T01:30:00Z", "destination_amount": "15000", "source_amount": "0.33", "destination_wallet": 13, "destination_price": "45454.5454545455", "source_wallet": 3, "source_price": "0.000022"}}, {"pk": 13, "model": "wallet.commission", "fields": {"time_limit": "2016-03-03T01:30:00Z", "destination_amount": "134.75488496", "source_amount": "0.00292418", "destination_wallet": 13, "destination_price": "46082.9651252659", "source_wallet": 3, "source_price": "0.0000216999925521661"}}, {"pk": 14, "model": "wallet.commission", "fields": {"time_limit": "2016-03-03T01:30:00Z", "destination_amount": "283.204", "source_amount": "0.00596994", "destination_wallet": 13, "destination_price": "47438.3327135616", "source_wallet": 3, "source_price": "0.0000210799988700725"}}, {"pk": 15, "model": "wallet.commission", "fields": {"time_limit": "2016-03-03T01:30:00Z", "destination_amount": "2.41632051", "source_amount": "0.00005009", "destination_wallet": 13, "destination_price": "48239.5789578758", "source_wallet": 3, "source_price": "0.0000207298658405213"}}, {"pk": 16, "model": "wallet.commission", "fields": {"time_limit": "2016-03-03T01:30:00Z", "destination_amount": "25100", "source_amount": "0.502", "destination_wallet": 13, "destination_price": "50000", "source_wallet": 3, "source_price": "0.000020"}}, {"pk": 17, "model": "wallet.commission", "fields": {"time_limit": "2016-03-03T01:30:00Z", "destination_amount": "22155.61177482", "source_amount": "0.42095662", "destination_wallet": 13, "destination_price": "52631.579412672", "source_wallet": 3, "source_price": "0.0000189999998320254"}}, {"pk": 18, "model": "wallet.commission", "fields": {"time_limit": "2016-03-03T01:30:00Z", "destination_amount": "30533.59005413", "source_amount": "0.5425819", "destination_wallet": 13, "destination_price": "56274.6196548945", "source_wallet": 3, "source_price": "0.000017770000155177"}}, {"pk": 19, "model": "wallet.commission", "fields": {"time_limit": "2016-03-03T01:30:00Z", "destination_amount": "7056.75334053", "source_amount": "0.11820062", "destination_wallet": 13, "destination_price": "59701.4917563884", "source_wallet": 3, "source_price": "0.0000167500002190983"}}, {"pk": 20, "model": "wallet.commission", "fields": {"time_limit": "2016-03-03T01:30:00Z", "destination_amount": "10194.51309227", "source_amount": "0.16311221", "destination_wallet": 13, "destination_price": "62499.9997993406", "source_wallet": 3, "source_price": "0.0000160000000513688"}}, {"pk": 21, "model": "wallet.commission", "fields": {"time_limit": "2016-03-03T01:30:00Z", "destination_amount": "0.0023927", "source_amount": "100.61837588", "destination_wallet": 3, "destination_price": "0.0000237799505216979", "source_wallet": 13, "source_price": "42052.2321561416"}}, {"pk": 22, "model": "wallet.commission", "fields": {"time_limit": "2016-03-03T01:30:00Z", "destination_amount": "0.00907673", "source_amount": "363.21434714", "destination_wallet": 3, "destination_price": "0.0000249900095397427", "source_wallet": 13, "source_price": "40015.9911267604"}}, {"pk": 23, "model": "wallet.commission", "fields": {"time_limit": "2016-03-03T01:30:00Z", "destination_amount": "0.00000905", "source_amount": "0.35730042", "destination_wallet": 3, "destination_price": "0.0000253288255300679", "source_wallet": 13, "source_price": "39480.7093922652"}}, {"pk": 24, "model": "wallet.commission", "fields": {"time_limit": "2016-03-03T01:30:00Z", "destination_amount": "7.8E-7", "source_amount": "0.02963212", "destination_wallet": 3, "destination_price": "0.0000263227875697048", "source_wallet": 13, "source_price": "37989.8974358974"}}, {"pk": 25, "model": "wallet.commission", "fields": {"time_limit": "2016-03-03T01:30:00Z", "destination_amount": "0.00337947", "source_amount": "127", "destination_wallet": 3, "destination_price": "0.00002661", "source_wallet": 13, "source_price": "37579.8571965427"}}, {"pk": 26, "model": "wallet.commission", "fields": {"time_limit": "2016-03-03T01:30:00Z", "destination_amount": "1.6E-7", "source_amount": "0.00596527", "destination_wallet": 3, "destination_price": "0.0000268219208853916", "source_wallet": 13, "source_price": "37282.9375"}}, {"pk": 27, "model": "wallet.commission", "fields": {"time_limit": "2016-03-03T01:30:00Z", "destination_amount": "0.02699", "source_amount": "1000", "destination_wallet": 3, "destination_price": "0.00002699", "source_wallet": 13, "source_price": "37050.7595405706"}}, {"pk": 28, "model": "wallet.commission", "fields": {"time_limit": "2016-03-03T01:30:00Z", "destination_amount": "0.013655", "source_amount": "500", "destination_wallet": 3, "destination_price": "0.00002731", "source_wallet": 13, "source_price": "36616.6239472721"}}, {"pk": 29, "model": "wallet.commission", "fields": {"time_limit": "2016-03-03T01:30:00Z", "destination_amount": "1.3E-7", "source_amount": "0.00451531", "destination_wallet": 3, "destination_price": "0.000028790935727558", "source_wallet": 13, "source_price": "34733.1538461538"}}, {"pk": 30, "model": "wallet.commission", "fields": {"time_limit": "2016-03-03T01:30:00Z", "destination_amount": "1.2E-7", "source_amount": "0.00445965", "destination_wallet": 3, "destination_price": "0.0000269079412061485", "source_wallet": 13, "source_price": "37163.75"}}, {"pk": 31, "model": "wallet.commission", "fields": {"time_limit": "2016-03-03T01:30:00Z", "destination_amount": "0.014155", "source_amount": "500", "destination_wallet": 3, "destination_price": "0.00002831", "source_wallet": 13, "source_price": "35323.2073472271"}}, {"pk": 32, "model": "wallet.commission", "fields": {"time_limit": "2016-03-03T01:30:00Z", "destination_amount": "0.00319", "source_amount": "110", "destination_wallet": 3, "destination_price": "0.000029", "source_wallet": 13, "source_price": "34482.7586206897"}}, {"pk": 33, "model": "wallet.commission", "fields": {"time_limit": "2016-03-03T01:30:00Z", "destination_amount": "0.17946", "source_amount": "6000", "destination_wallet": 3, "destination_price": "0.00002991", "source_wallet": 13, "source_price": "33433.6342360415"}}, {"pk": 34, "model": "wallet.commission", "fields": {"time_limit": "2016-03-03T01:30:00Z", "destination_amount": "0.0009015", "source_amount": "30", "destination_wallet": 3, "destination_price": "0.00003005", "source_wallet": 13, "source_price": "33277.8702163062"}}, {"pk": 35, "model": "wallet.commission", "fields": {"time_limit": "2016-03-03T01:30:00Z", "destination_amount": "0.00010248", "source_amount": "3.31235508", "destination_wallet": 3, "destination_price": "0.0000309387120417054", "source_wallet": 13, "source_price": "32321.9660421546"}}, {"pk": 36, "model": "wallet.commission", "fields": {"time_limit": "2016-03-03T01:30:00Z", "destination_amount": "0.03136686", "source_amount": "987", "destination_wallet": 3, "destination_price": "0.00003178", "source_wallet": 13, "source_price": "31466.3310258024"}}, {"pk": 37, "model": "wallet.commission", "fields": {"time_limit": "2016-03-03T01:30:00Z", "destination_amount": "0.00079725", "source_amount": "24.56101647", "destination_wallet": 3, "destination_price": "0.0000324599757902446", "source_wallet": 13, "source_price": "30807.1702351834"}}, {"pk": 38, "model": "wallet.commission", "fields": {"time_limit": "2016-03-03T01:30:00Z", "destination_amount": "0.009936", "source_amount": "300", "destination_wallet": 3, "destination_price": "0.00003312", "source_wallet": 13, "source_price": "30193.2367149758"}}, {"pk": 39, "model": "wallet.commission", "fields": {"time_limit": "2016-03-03T01:30:00Z", "destination_amount": "0.07032296", "source_amount": "2075.64825989", "destination_wallet": 3, "destination_price": "0.0000338799985329532", "source_wallet": 13, "source_price": "29515.9398849252"}}, {"pk": 40, "model": "wallet.commission", "fields": {"time_limit": "2016-03-03T01:30:00Z", "destination_amount": "0.00010249", "source_amount": "3.00120048", "destination_wallet": 3, "destination_price": "0.0000341496680021856", "source_wallet": 13, "source_price": "29282.861547468"}}, {"pk": 41, "model": "wallet.commission", "fields": {"time_limit": "2016-03-03T01:30:00Z", "destination_amount": "95.57052837", "source_amount": "0.00229369", "destination_wallet": 11, "destination_price": "41666.7153669415", "source_wallet": 1, "source_price": "0.0000239999719486745"}}, {"pk": 42, "model": "wallet.commission", "fields": {"time_limit": "2016-03-03T01:30:00Z", "destination_amount": "500", "source_amount": "0.0119", "destination_wallet": 11, "destination_price": "42016.8067226891", "source_wallet": 1, "source_price": "0.0000238"}}, {"pk": 43, "model": "wallet.commission", "fields": {"time_limit": "2016-03-03T01:30:00Z", "destination_amount": "0.01136775", "source_amount": "2.7E-7", "destination_wallet": 11, "destination_price": "42102.7777777778", "source_wallet": 1, "source_price": "0.0000237514019924787"}}, {"pk": 44, "model": "wallet.commission", "fields": {"time_limit": "2016-03-03T01:30:00Z", "destination_amount": "0.01295047", "source_amount": "3.0E-7", "destination_wallet": 11, "destination_price": "43168.2333333333", "source_wallet": 1, "source_price": "0.0000231651824219507"}}, {"pk": 45, "model": "wallet.commission", "fields": {"time_limit": "2016-03-03T01:30:00Z", "destination_amount": "0.00582539", "source_amount": "1.4E-7", "destination_wallet": 11, "destination_price": "41609.9285714286", "source_wallet": 1, "source_price": "0.0000240327257059184"}}, {"pk": 46, "model": "wallet.commission", "fields": {"time_limit": "2016-03-03T01:30:00Z", "destination_amount": "0.00588621", "source_amount": "1.4E-7", "destination_wallet": 11, "destination_price": "42044.3571428571", "source_wallet": 1, "source_price": "0.0000237844045659261"}}, {"pk": 47, "model": "wallet.commission", "fields": {"time_limit": "2016-03-03T01:30:00Z", "destination_amount": "0.02679008", "source_amount": "6.1E-7", "destination_wallet": 11, "destination_price": "43918.1639344262", "source_wallet": 1, "source_price": "0.0000227696221885116"}}, {"pk": 48, "model": "wallet.commission", "fields": {"time_limit": "2016-03-03T01:30:00Z", "destination_amount": "0.01055427", "source_amount": "2.4E-7", "destination_wallet": 11, "destination_price": "43976.125", "source_wallet": 1, "source_price": "0.0000227396115505857"}}, {"pk": 49, "model": "wallet.commission", "fields": {"time_limit": "2016-03-03T01:30:00Z", "destination_amount": "5000", "source_amount": "0.11245", "destination_wallet": 11, "destination_price": "44464.2063139173", "source_wallet": 1, "source_price": "0.00002249"}}, {"pk": 50, "model": "wallet.commission", "fields": {"time_limit": "2016-03-03T01:30:00Z", "destination_amount": "1350", "source_amount": "0.030105", "destination_wallet": 11, "destination_price": "44843.0493273543", "source_wallet": 1, "source_price": "0.0000223"}}, {"pk": 51, "model": "wallet.commission", "fields": {"time_limit": "2016-03-03T01:30:00Z", "destination_amount": "134.87649983", "source_amount": "0.00298212", "destination_wallet": 11, "destination_price": "45228.394507934", "source_wallet": 1, "source_price": "0.0000221100043651689"}}, {"pk": 52, "model": "wallet.commission", "fields": {"time_limit": "2016-03-03T01:30:00Z", "destination_amount": "1253.75894463", "source_amount": "0.02739463", "destination_wallet": 11, "destination_price": "45766.5953009769", "source_wallet": 1, "source_price": "0.0000218499976549196"}}, {"pk": 53, "model": "wallet.commission", "fields": {"time_limit": "2016-03-03T01:30:00Z", "destination_amount": "1000", "source_amount": "0.02167", "destination_wallet": 11, "destination_price": "46146.7466543609", "source_wallet": 1, "source_price": "0.00002167"}}, {"pk": 54, "model": "wallet.commission", "fields": {"time_limit": "2016-03-03T01:30:00Z", "destination_amount": "8611", "source_amount": "0.18091711", "destination_wallet": 11, "destination_price": "47596.3826749167", "source_wallet": 1, "source_price": "0.00002101"}}, {"pk": 55, "model": "wallet.commission", "fields": {"time_limit": "2016-03-03T01:30:00Z", "destination_amount": "1111", "source_amount": "0.02228666", "destination_wallet": 11, "destination_price": "49850.4486540379", "source_wallet": 1, "source_price": "0.00002006"}}, {"pk": 56, "model": "wallet.commission", "fields": {"time_limit": "2016-03-03T01:30:00Z", "destination_amount": "7500", "source_amount": "0.147075", "destination_wallet": 11, "destination_price": "50994.3906170321", "source_wallet": 1, "source_price": "0.00001961"}}, {"pk": 58, "model": "wallet.commission", "fields": {"time_limit": "2016-03-03T01:30:00Z", "destination_amount": "1000", "source_amount": "0.01702", "destination_wallet": 11, "destination_price": "58754.4065804936", "source_wallet": 1, "source_price": "0.00001702"}}, {"pk": 59, "model": "wallet.commission", "fields": {"time_limit": "2016-03-03T01:30:00Z", "destination_amount": "1000", "source_amount": "0.01641", "destination_wallet": 11, "destination_price": "60938.4521633151", "source_wallet": 1, "source_price": "0.00001641"}}, {"pk": 60, "model": "wallet.commission", "fields": {"time_limit": "2016-03-03T01:30:00Z", "destination_amount": "250.81154529", "source_amount": "0.00394025", "destination_wallet": 11, "destination_price": "63653.7136704524", "source_wallet": 1, "source_price": "0.0000157100024859067"}}, {"pk": 61, "model": "wallet.commission", "fields": {"time_limit": "2016-03-03T01:30:00Z", "destination_amount": "9.6E-7", "source_amount": "0.03843672", "destination_wallet": 1, "destination_price": "0.0000249761165885122", "source_wallet": 11, "source_price": "40038.25"}}, {"pk": 62, "model": "wallet.commission", "fields": {"time_limit": "2016-03-03T01:30:00Z", "destination_amount": "3.9E-7", "source_amount": "0.01573827", "destination_wallet": 1, "destination_price": "0.0000247803602301905", "source_wallet": 11, "source_price": "40354.5384615385"}}, {"pk": 63, "model": "wallet.commission", "fields": {"time_limit": "2016-03-03T01:30:00Z", "destination_amount": "0.00000697", "source_amount": "0.27205707", "destination_wallet": 1, "destination_price": "0.0000256196245883263", "source_wallet": 11, "source_price": "39032.5781922525"}}, {"pk": 64, "model": "wallet.commission", "fields": {"time_limit": "2016-03-03T01:30:00Z", "destination_amount": "5.5E-7", "source_amount": "0.02075825", "destination_wallet": 1, "destination_price": "0.0000264954897450411", "source_wallet": 11, "source_price": "37742.2727272727"}}, {"pk": 65, "model": "wallet.commission", "fields": {"time_limit": "2016-03-03T01:30:00Z", "destination_amount": "0.02663", "source_amount": "1000", "destination_wallet": 1, "destination_price": "0.00002663", "source_wallet": 11, "source_price": "37551.6334960571"}}, {"pk": 66, "model": "wallet.commission", "fields": {"time_limit": "2016-03-03T01:30:00Z", "destination_amount": "2.5E-7", "source_amount": "0.009507", "destination_wallet": 1, "destination_price": "0.0000262964131692437", "source_wallet": 11, "source_price": "38028"}}, {"pk": 67, "model": "wallet.commission", "fields": {"time_limit": "2016-03-03T01:30:00Z", "destination_amount": "4.4E-7", "source_amount": "0.01635238", "destination_wallet": 1, "destination_price": "0.0000269073981891321", "source_wallet": 11, "source_price": "37164.5"}}, {"pk": 68, "model": "wallet.commission", "fields": {"time_limit": "2016-03-03T01:30:00Z", "destination_amount": "0.0020685", "source_amount": "75", "destination_wallet": 1, "destination_price": "0.00002758", "source_wallet": 11, "source_price": "36258.1580855693"}}, {"pk": 69, "model": "wallet.commission", "fields": {"time_limit": "2016-03-03T01:30:00Z", "destination_amount": "0.00080946", "source_amount": "29.18017484", "destination_wallet": 1, "destination_price": "0.0000277400668240821", "source_wallet": 11, "source_price": "36048.9398364342"}}, {"pk": 70, "model": "wallet.commission", "fields": {"time_limit": "2016-03-03T01:30:00Z", "destination_amount": "1.2E-7", "source_amount": "0.00445008", "destination_wallet": 1, "destination_price": "0.0000269658073562723", "source_wallet": 11, "source_price": "37084"}}, {"pk": 71, "model": "wallet.commission", "fields": {"time_limit": "2016-03-03T01:30:00Z", "destination_amount": "0.000285", "source_amount": "10", "destination_wallet": 1, "destination_price": "0.0000285", "source_wallet": 11, "source_price": "35087.7192982456"}}, {"pk": 72, "model": "wallet.commission", "fields": {"time_limit": "2016-03-03T01:30:00Z", "destination_amount": "0.014655", "source_amount": "500", "destination_wallet": 1, "destination_price": "0.00002931", "source_wallet": 11, "source_price": "34118.0484476288"}}, {"pk": 73, "model": "wallet.commission", "fields": {"time_limit": "2016-03-03T01:30:00Z", "destination_amount": "0.00131912", "source_amount": "44", "destination_wallet": 1, "destination_price": "0.00002998", "source_wallet": 11, "source_price": "33355.5703802535"}}, {"pk": 74, "model": "wallet.commission", "fields": {"time_limit": "2016-03-03T01:30:00Z", "destination_amount": "0.00085638", "source_amount": "28.07814625", "destination_wallet": 1, "destination_price": "0.0000304998767502324", "source_wallet": 11, "source_price": "32787.017737453"}}, {"pk": 75, "model": "wallet.commission", "fields": {"time_limit": "2016-03-03T01:30:00Z", "destination_amount": "0.004686", "source_amount": "150", "destination_wallet": 1, "destination_price": "0.00003124", "source_wallet": 11, "source_price": "32010.2432778489"}}, {"pk": 76, "model": "wallet.commission", "fields": {"time_limit": "2016-03-03T01:30:00Z", "destination_amount": "0.04912756", "source_amount": "1535.236334", "destination_wallet": 1, "destination_price": "0.0000319999982491295", "source_wallet": 11, "source_price": "31250.0017098346"}}, {"pk": 77, "model": "wallet.commission", "fields": {"time_limit": "2016-03-03T01:30:00Z", "destination_amount": "0.00653", "source_amount": "200", "destination_wallet": 1, "destination_price": "0.00003265", "source_wallet": 11, "source_price": "30627.8713629403"}}, {"pk": 78, "model": "wallet.commission", "fields": {"time_limit": "2016-03-03T01:30:00Z", "destination_amount": "0.00003019", "source_amount": "0.9058", "destination_wallet": 1, "destination_price": "0.0000333296533451093", "source_wallet": 11, "source_price": "30003.3123550845"}}, {"pk": 79, "model": "wallet.commission", "fields": {"time_limit": "2016-03-03T01:30:00Z", "destination_amount": "0.08101241", "source_amount": "2382.71803646", "destination_wallet": 1, "destination_price": "0.0000339999986403595", "source_wallet": 11, "source_price": "29411.765882042"}}, {"pk": 80, "model": "wallet.commission", "fields": {"time_limit": "2016-03-03T01:30:00Z", "destination_amount": "0.0086025", "source_amount": "250", "destination_wallet": 1, "destination_price": "0.00003441", "source_wallet": 11, "source_price": "29061.3193839"}}, {"pk": 81, "model": "wallet.commission", "fields": {"time_limit": "2016-03-03T01:30:00Z", "destination_amount": "118.15364928", "source_amount": "0.00289595", "destination_wallet": 15, "destination_price": "40799.6164574665", "source_wallet": 5, "source_price": "0.000024510034329428"}}, {"pk": 82, "model": "wallet.commission", "fields": {"time_limit": "2016-03-03T01:30:00Z", "destination_amount": "0.00831675", "source_amount": "2.0E-7", "destination_wallet": 15, "destination_price": "41583.75", "source_wallet": 5, "source_price": "0.0000240478552319115"}}, {"pk": 83, "model": "wallet.commission", "fields": {"time_limit": "2016-03-03T01:30:00Z", "destination_amount": "0.0196803", "source_amount": "4.7E-7", "destination_wallet": 15, "destination_price": "41872.9787234043", "source_wallet": 5, "source_price": "0.0000238817497700746"}}, {"pk": 84, "model": "wallet.commission", "fields": {"time_limit": "2016-03-03T01:30:00Z", "destination_amount": "0.00713206", "source_amount": "1.7E-7", "destination_wallet": 15, "destination_price": "41953.2941176471", "source_wallet": 5, "source_price": "0.00002383603054377"}}, {"pk": 85, "model": "wallet.commission", "fields": {"time_limit": "2016-03-03T01:30:00Z", "destination_amount": "0.00577676", "source_amount": "1.3E-7", "destination_wallet": 15, "destination_price": "44436.6153846154", "source_wallet": 5, "source_price": "0.0000225039641598405"}}, {"pk": 87, "model": "wallet.commission", "fields": {"time_limit": "2016-03-03T01:30:00Z", "destination_amount": "2840", "source_amount": "0.06532", "destination_wallet": 15, "destination_price": "43478.2608695652", "source_wallet": 5, "source_price": "0.000023"}}, {"pk": 88, "model": "wallet.commission", "fields": {"time_limit": "2016-03-03T01:30:00Z", "destination_amount": "7.00331651", "source_amount": "0.00015961", "destination_wallet": 15, "destination_price": "43877.6800325794", "source_wallet": 5, "source_price": "0.0000227906306636425"}}, {"pk": 89, "model": "wallet.commission", "fields": {"time_limit": "2016-03-03T01:30:00Z", "destination_amount": "2000", "source_amount": "0.0452", "destination_wallet": 15, "destination_price": "44247.7876106195", "source_wallet": 5, "source_price": "0.0000226"}}, {"pk": 90, "model": "wallet.commission", "fields": {"time_limit": "2016-03-03T01:30:00Z", "destination_amount": "0.01682612", "source_amount": "3.8E-7", "destination_wallet": 15, "destination_price": "44279.2631578948", "source_wallet": 5, "source_price": "0.0000225839349772853"}}, {"pk": 91, "model": "wallet.commission", "fields": {"time_limit": "2016-03-03T01:30:00Z", "destination_amount": "500", "source_amount": "0.011125", "destination_wallet": 15, "destination_price": "44943.8202247191", "source_wallet": 5, "source_price": "0.00002225"}}, {"pk": 93, "model": "wallet.commission", "fields": {"time_limit": "2016-03-03T01:30:00Z", "destination_amount": "220", "source_amount": "0.0048048", "destination_wallet": 15, "destination_price": "45787.5457875458", "source_wallet": 5, "source_price": "0.00002184"}}, {"pk": 94, "model": "wallet.commission", "fields": {"time_limit": "2016-03-03T01:30:00Z", "destination_amount": "13.01077535", "source_amount": "0.00027882", "destination_wallet": 15, "destination_price": "46663.7090237429", "source_wallet": 5, "source_price": "0.0000214299296159933"}}, {"pk": 95, "model": "wallet.commission", "fields": {"time_limit": "2016-03-03T01:30:00Z", "destination_amount": "2.95481432", "source_amount": "0.00006187", "destination_wallet": 15, "destination_price": "47758.4341360918", "source_wallet": 5, "source_price": "0.0000209387099491247"}}, {"pk": 96, "model": "wallet.commission", "fields": {"time_limit": "2016-03-03T01:30:00Z", "destination_amount": "324.44299479", "source_amount": "0.00650508", "destination_wallet": 15, "destination_price": "49875.3274041211", "source_wallet": 5, "source_price": "0.0000200499936952268"}}, {"pk": 100, "model": "wallet.commission", "fields": {"time_limit": "2016-03-03T01:30:00Z", "destination_amount": "0.9010344", "source_amount": "0.00001458", "destination_wallet": 15, "destination_price": "61799.341563786", "source_wallet": 5, "source_price": "0.0000161814021751001"}}, {"pk": 102, "model": "wallet.commission", "fields": {"time_limit": "2016-03-03T01:30:00Z", "destination_amount": "0.002494", "source_amount": "100", "destination_wallet": 5, "destination_price": "0.00002494", "source_wallet": 15, "source_price": "40096.2309542903"}}, {"pk": 103, "model": "wallet.commission", "fields": {"time_limit": "2016-03-03T01:30:00Z", "destination_amount": "0.00982977", "source_amount": "391.62424362", "destination_wallet": 5, "destination_price": "0.0000251000037922525", "source_wallet": 15, "source_price": "39840.6314308473"}}, {"pk": 104, "model": "wallet.commission", "fields": {"time_limit": "2016-03-03T01:30:00Z", "destination_amount": "0.00000101", "source_amount": "0.03886162", "destination_wallet": 5, "destination_price": "0.0000259896525157726", "source_wallet": 15, "source_price": "38476.8514851485"}}, {"pk": 105, "model": "wallet.commission", "fields": {"time_limit": "2016-03-03T01:30:00Z", "destination_amount": "0.002322", "source_amount": "88.08790177", "destination_wallet": 5, "destination_price": "0.0000263600330277228", "source_wallet": 15, "source_price": "37936.2195391904"}}, {"pk": 106, "model": "wallet.commission", "fields": {"time_limit": "2016-03-03T01:30:00Z", "destination_amount": "1.6E-7", "source_amount": "0.00598206", "destination_wallet": 5, "destination_price": "0.0000267466391176284", "source_wallet": 15, "source_price": "37387.875"}}, {"pk": 107, "model": "wallet.commission", "fields": {"time_limit": "2016-03-03T01:30:00Z", "destination_amount": "0.00374638", "source_amount": "139.84242379", "destination_wallet": 5, "destination_price": "0.0000267900104879897", "source_wallet": 15, "source_price": "37327.3463423358"}}, {"pk": 108, "model": "wallet.commission", "fields": {"time_limit": "2016-03-03T01:30:00Z", "destination_amount": "0.00012792", "source_amount": "4.71698113", "destination_wallet": 5, "destination_price": "0.0000271190400119324", "source_wallet": 15, "source_price": "36874.4616166354"}}, {"pk": 109, "model": "wallet.commission", "fields": {"time_limit": "2016-03-03T01:30:00Z", "destination_amount": "2.8E-7", "source_amount": "0.01019072", "destination_wallet": 5, "destination_price": "0.000027475978144822", "source_wallet": 15, "source_price": "36395.4285714286"}}, {"pk": 110, "model": "wallet.commission", "fields": {"time_limit": "2016-03-03T01:30:00Z", "destination_amount": "5.9E-7", "source_amount": "0.02128623", "destination_wallet": 5, "destination_price": "0.0000277174492617998", "source_wallet": 15, "source_price": "36078.3559322034"}}, {"pk": 111, "model": "wallet.commission", "fields": {"time_limit": "2016-03-03T01:30:00Z", "destination_amount": "0.0028", "source_amount": "100", "destination_wallet": 5, "destination_price": "0.000028", "source_wallet": 15, "source_price": "35714.2857142857"}}, {"pk": 112, "model": "wallet.commission", "fields": {"time_limit": "2016-03-03T01:30:00Z", "destination_amount": "0.04575405", "source_amount": "1597", "destination_wallet": 5, "destination_price": "0.00002865", "source_wallet": 15, "source_price": "34904.0139616056"}}, {"pk": 113, "model": "wallet.commission", "fields": {"time_limit": "2016-03-03T01:30:00Z", "destination_amount": "0.00169459", "source_amount": "57.73721071", "destination_wallet": 5, "destination_price": "0.0000293500496328358", "source_wallet": 15, "source_price": "34071.4926383373"}}, {"pk": 114, "model": "wallet.commission", "fields": {"time_limit": "2016-03-03T01:30:00Z", "destination_amount": "0.04607596", "source_amount": "1535.86539631", "destination_wallet": 5, "destination_price": "0.0000299999987698792", "source_wallet": 15, "source_price": "33333.3347001343"}}, {"pk": 117, "model": "wallet.commission", "fields": {"time_limit": "2016-03-03T01:30:00Z", "destination_amount": "0.003221", "source_amount": "100", "destination_wallet": 5, "destination_price": "0.00003221", "source_wallet": 15, "source_price": "31046.2589257994"}}, {"pk": 119, "model": "wallet.commission", "fields": {"time_limit": "2016-03-03T01:30:00Z", "destination_amount": "0.0083525", "source_amount": "250", "destination_wallet": 5, "destination_price": "0.00003341", "source_wallet": 15, "source_price": "29931.1583358276"}}, {"pk": 120, "model": "wallet.commission", "fields": {"time_limit": "2016-03-03T01:30:00Z", "destination_amount": "0.03402", "source_amount": "1000", "destination_wallet": 5, "destination_price": "0.00003402", "source_wallet": 15, "source_price": "29394.4738389183"}}, {"pk": 126, "model": "wallet.commission", "fields": {"time_limit": "2016-03-03T01:30:00Z", "destination_amount": "0.01170124", "source_amount": "2.7E-7", "destination_wallet": 15, "destination_price": "43337.9259259259", "source_wallet": 5, "source_price": "0.0000230744775767355"}}, {"pk": 128, "model": "wallet.commission", "fields": {"time_limit": "2016-03-03T01:30:00Z", "destination_amount": "7.00331651", "source_amount": "0.00015961", "destination_wallet": 15, "destination_price": "43877.6800325794", "source_wallet": 5, "source_price": "0.0000227906306636425"}}, {"pk": 129, "model": "wallet.commission", "fields": {"time_limit": "2016-03-03T01:30:00Z", "destination_amount": "2000", "source_amount": "0.0452", "destination_wallet": 15, "destination_price": "44247.7876106195", "source_wallet": 5, "source_price": "0.0000226"}}, {"pk": 132, "model": "wallet.commission", "fields": {"time_limit": "2016-03-03T01:30:00Z", "destination_amount": "1000", "source_amount": "0.0221", "destination_wallet": 15, "destination_price": "45248.8687782806", "source_wallet": 5, "source_price": "0.0000221"}}, {"pk": 135, "model": "wallet.commission", "fields": {"time_limit": "2016-03-03T01:30:00Z", "destination_amount": "2.95481432", "source_amount": "0.00006187", "destination_wallet": 15, "destination_price": "47758.4341360918", "source_wallet": 5, "source_price": "0.0000209387099491247"}}, {"pk": 137, "model": "wallet.commission", "fields": {"time_limit": "2016-03-03T01:30:00Z", "destination_amount": "5.11247444", "source_amount": "0.0001", "destination_wallet": 15, "destination_price": "51124.7444", "source_wallet": 5, "source_price": "0.0000195599999909242"}}, {"pk": 138, "model": "wallet.commission", "fields": {"time_limit": "2016-03-03T01:30:00Z", "destination_amount": "100", "source_amount": "0.0018", "destination_wallet": 15, "destination_price": "55555.5555555556", "source_wallet": 5, "source_price": "0.000018"}}, {"pk": 139, "model": "wallet.commission", "fields": {"time_limit": "2016-03-03T01:30:00Z", "destination_amount": "1470", "source_amount": "0.0250047", "destination_wallet": 15, "destination_price": "58788.9476778366", "source_wallet": 5, "source_price": "0.00001701"}}, {"pk": 141, "model": "wallet.commission", "fields": {"time_limit": "2016-03-03T01:30:00Z", "destination_amount": "0.0042297", "source_amount": "178.92148687", "destination_wallet": 5, "destination_price": "0.0000236399779254752", "source_wallet": 15, "source_price": "42301.2239331395"}}, {"pk": 147, "model": "wallet.commission", "fields": {"time_limit": "2016-03-03T01:30:00Z", "destination_amount": "0.00374638", "source_amount": "139.84242379", "destination_wallet": 5, "destination_price": "0.0000267900104879897", "source_wallet": 15, "source_price": "37327.3463423358"}}, {"pk": 153, "model": "wallet.commission", "fields": {"time_limit": "2016-03-03T01:30:00Z", "destination_amount": "0.00169459", "source_amount": "57.73721071", "destination_wallet": 5, "destination_price": "0.0000293500496328358", "source_wallet": 15, "source_price": "34071.4926383373"}}, {"pk": 158, "model": "wallet.commission", "fields": {"time_limit": "2016-03-03T01:30:00Z", "destination_amount": "0.003288", "source_amount": "100", "destination_wallet": 5, "destination_price": "0.00003288", "source_wallet": 15, "source_price": "30413.6253041363"}}, {"pk": 161, "model": "wallet.commission", "fields": {"time_limit": "2016-03-03T01:30:00Z", "destination_amount": "13000", "source_amount": "0.3185", "destination_wallet": 14, "destination_price": "40816.3265306123", "source_wallet": 4, "source_price": "0.0000245"}}, {"pk": 162, "model": "wallet.commission", "fields": {"time_limit": "2016-03-03T01:30:00Z", "destination_amount": "600.2", "source_amount": "0.01436879", "destination_wallet": 14, "destination_price": "41771.0885885311", "source_wallet": 4, "source_price": "0.0000239400033322226"}}, {"pk": 163, "model": "wallet.commission", "fields": {"time_limit": "2016-03-03T01:30:00Z", "destination_amount": "0.00989845", "source_amount": "2.3E-7", "destination_wallet": 14, "destination_price": "43036.7391304348", "source_wallet": 4, "source_price": "0.0000232359611858422"}}, {"pk": 164, "model": "wallet.commission", "fields": {"time_limit": "2016-03-03T01:30:00Z", "destination_amount": "88.55125019", "source_amount": "0.00208007", "destination_wallet": 14, "destination_price": "42571.2837500661", "source_wallet": 4, "source_price": "0.0000234900127952671"}}, {"pk": 165, "model": "wallet.commission", "fields": {"time_limit": "2016-03-03T01:30:00Z", "destination_amount": "0.00724267", "source_amount": "1.7E-7", "destination_wallet": 14, "destination_price": "42603.9411764706", "source_wallet": 4, "source_price": "0.0000234720068703945"}}, {"pk": 166, "model": "wallet.commission", "fields": {"time_limit": "2016-03-03T01:30:00Z", "destination_amount": "4.33087917", "source_amount": "0.0001", "destination_wallet": 14, "destination_price": "43308.7917", "source_wallet": 4, "source_price": "0.0000230899999918492"}}, {"pk": 167, "model": "wallet.commission", "fields": {"time_limit": "2016-03-03T01:30:00Z", "destination_amount": "0.00590159", "source_amount": "1.4E-7", "destination_wallet": 14, "destination_price": "42154.2142857143", "source_wallet": 4, "source_price": "0.0000237224205680164"}}, {"pk": 168, "model": "wallet.commission", "fields": {"time_limit": "2016-03-03T01:30:00Z", "destination_amount": "0.00598735", "source_amount": "1.4E-7", "destination_wallet": 14, "destination_price": "42766.7857142857", "source_wallet": 4, "source_price": "0.0000233826317151995"}}, {"pk": 169, "model": "wallet.commission", "fields": {"time_limit": "2016-03-03T01:30:00Z", "destination_amount": "0.01821756", "source_amount": "4.1E-7", "destination_wallet": 14, "destination_price": "44433.0731707317", "source_wallet": 4, "source_price": "0.0000225057581805686"}}, {"pk": 171, "model": "wallet.commission", "fields": {"time_limit": "2016-03-03T01:30:00Z", "destination_amount": "714.27829294", "source_amount": "0.01585698", "destination_wallet": 14, "destination_price": "45045.0396569839", "source_wallet": 4, "source_price": "0.0000222000026554524"}}, {"pk": 172, "model": "wallet.commission", "fields": {"time_limit": "2016-03-03T01:30:00Z", "destination_amount": "5555", "source_amount": "0.12237665", "destination_wallet": 14, "destination_price": "45392.6463912846", "source_wallet": 4, "source_price": "0.00002203"}}, {"pk": 173, "model": "wallet.commission", "fields": {"time_limit": "2016-03-03T01:30:00Z", "destination_amount": "500", "source_amount": "0.0109", "destination_wallet": 14, "destination_price": "45871.5596330275", "source_wallet": 4, "source_price": "0.0000218"}}, {"pk": 174, "model": "wallet.commission", "fields": {"time_limit": "2016-03-03T01:30:00Z", "destination_amount": "62.5", "source_amount": "0.00131813", "destination_wallet": 14, "destination_price": "47415.6570292763", "source_wallet": 4, "source_price": "0.00002109008"}}, {"pk": 175, "model": "wallet.commission", "fields": {"time_limit": "2016-03-03T01:30:00Z", "destination_amount": "1466.11084222", "source_amount": "0.03067104", "destination_wallet": 14, "destination_price": "47801.14538731", "source_wallet": 4, "source_price": "0.0000209200008053672"}}, {"pk": 176, "model": "wallet.commission", "fields": {"time_limit": "2016-03-03T01:30:00Z", "destination_amount": "1505.85599643", "source_amount": "0.03014724", "destination_wallet": 14, "destination_price": "49950.0450598463", "source_wallet": 4, "source_price": "0.0000200200019599958"}}, {"pk": 179, "model": "wallet.commission", "fields": {"time_limit": "2016-03-03T01:30:00Z", "destination_amount": "15100", "source_amount": "0.2567", "destination_wallet": 14, "destination_price": "58823.5294117647", "source_wallet": 4, "source_price": "0.000017"}}, {"pk": 180, "model": "wallet.commission", "fields": {"time_limit": "2016-03-03T01:30:00Z", "destination_amount": "14.16050698", "source_amount": "0.00022841", "destination_wallet": 14, "destination_price": "61996.0027144171", "source_wallet": 4, "source_price": "0.0000161300722016946"}}, {"pk": 181, "model": "wallet.commission", "fields": {"time_limit": "2016-03-03T01:30:00Z", "destination_amount": "0.00020763", "source_amount": "8.74228624", "destination_wallet": 4, "destination_price": "0.0000237500802764838", "source_wallet": 14, "source_price": "42105.1208399557"}}, {"pk": 182, "model": "wallet.commission", "fields": {"time_limit": "2016-03-03T01:30:00Z", "destination_amount": "1.3E-7", "source_amount": "0.00527553", "destination_wallet": 4, "destination_price": "0.0000246420738769375", "source_wallet": 14, "source_price": "40581"}}, {"pk": 183, "model": "wallet.commission", "fields": {"time_limit": "2016-03-03T01:30:00Z", "destination_amount": "6.9E-7", "source_amount": "0.02724806", "destination_wallet": 4, "destination_price": "0.00002532290372232", "source_wallet": 14, "source_price": "39489.9420289855"}}, {"pk": 184, "model": "wallet.commission", "fields": {"time_limit": "2016-03-03T01:30:00Z", "destination_amount": "0.00000492", "source_amount": "0.18965517", "destination_wallet": 4, "destination_price": "0.0000259418185119868", "source_wallet": 14, "source_price": "38547.7987804878"}}, {"pk": 185, "model": "wallet.commission", "fields": {"time_limit": "2016-03-03T01:30:00Z", "destination_amount": "8.7E-7", "source_amount": "0.03252898", "destination_wallet": 4, "destination_price": "0.0000267453821177301", "source_wallet": 14, "source_price": "37389.6321839081"}}, {"pk": 186, "model": "wallet.commission", "fields": {"time_limit": "2016-03-03T01:30:00Z", "destination_amount": "0.010664", "source_amount": "400", "destination_wallet": 4, "destination_price": "0.00002666", "source_wallet": 14, "source_price": "37509.3773443361"}}, {"pk": 187, "model": "wallet.commission", "fields": {"time_limit": "2016-03-03T01:30:00Z", "destination_amount": "6.0E-7", "source_amount": "0.02238657", "destination_wallet": 4, "destination_price": "0.0000268017833906668", "source_wallet": 14, "source_price": "37310.95"}}, {"pk": 188, "model": "wallet.commission", "fields": {"time_limit": "2016-03-03T01:30:00Z", "destination_amount": "5.1E-7", "source_amount": "0.01853081", "destination_wallet": 4, "destination_price": "0.000027521732725121", "source_wallet": 14, "source_price": "36334.9215686275"}}, {"pk": 189, "model": "wallet.commission", "fields": {"time_limit": "2016-03-03T01:30:00Z", "destination_amount": "0.0024903", "source_amount": "90", "destination_wallet": 4, "destination_price": "0.00002767", "source_wallet": 14, "source_price": "36140.2240693892"}}, {"pk": 190, "model": "wallet.commission", "fields": {"time_limit": "2016-03-03T01:30:00Z", "destination_amount": "0.00287837", "source_amount": "103.16736352", "destination_wallet": 4, "destination_price": "0.0000279000054066711", "source_wallet": 14, "source_price": "35842.2869610231"}}, {"pk": 191, "model": "wallet.commission", "fields": {"time_limit": "2016-03-03T01:30:00Z", "destination_amount": "0.00141", "source_amount": "50", "destination_wallet": 4, "destination_price": "0.0000282", "source_wallet": 14, "source_price": "35460.9929078014"}}, {"pk": 192, "model": "wallet.commission", "fields": {"time_limit": "2016-03-03T01:30:00Z", "destination_amount": "0.05792", "source_amount": "2000", "destination_wallet": 4, "destination_price": "0.00002896", "source_wallet": 14, "source_price": "34530.3867403315"}}, {"pk": 193, "model": "wallet.commission", "fields": {"time_limit": "2016-03-03T01:30:00Z", "destination_amount": "0.00190969", "source_amount": "63.91213527", "destination_wallet": 4, "destination_price": "0.0000298799279969668", "source_wallet": 14, "source_price": "33467.2827893533"}}, {"pk": 194, "model": "wallet.commission", "fields": {"time_limit": "2016-03-03T01:30:00Z", "destination_amount": "0.12469695", "source_amount": "4151.03025611", "destination_wallet": 4, "destination_price": "0.0000300400002665496", "source_wallet": 14, "source_price": "33288.947773863"}}, {"pk": 196, "model": "wallet.commission", "fields": {"time_limit": "2016-03-03T01:30:00Z", "destination_amount": "0.000128", "source_amount": "4.04694456", "destination_wallet": 4, "destination_price": "0.0000316287999754561", "source_wallet": 14, "source_price": "31616.754375"}}, {"pk": 197, "model": "wallet.commission", "fields": {"time_limit": "2016-03-03T01:30:00Z", "destination_amount": "0.0081025", "source_amount": "250", "destination_wallet": 4, "destination_price": "0.00003241", "source_wallet": 14, "source_price": "30854.6744831842"}}, {"pk": 198, "model": "wallet.commission", "fields": {"time_limit": "2016-03-03T01:30:00Z", "destination_amount": "0.07944564", "source_amount": "2407.4437134", "destination_wallet": 4, "destination_price": "0.0000329999989440252", "source_wallet": 14, "source_price": "30303.0312727042"}}, {"pk": 199, "model": "wallet.commission", "fields": {"time_limit": "2016-03-03T01:30:00Z", "destination_amount": "0.104913", "source_amount": "3099.35014376", "destination_wallet": 4, "destination_price": "0.0000338499992365251", "source_wallet": 14, "source_price": "29542.0981552334"}}, {"pk": 200, "model": "wallet.commission", "fields": {"time_limit": "2016-03-03T01:30:00Z", "destination_amount": "0.01706", "source_amount": "500", "destination_wallet": 4, "destination_price": "0.00003412", "source_wallet": 14, "source_price": "29308.3235638922"}}, {"pk": 201, "model": "wallet.commission", "fields": {"time_limit": "2016-03-03T01:30:00Z", "destination_amount": "0.07320617", "source_amount": "0.00000176", "destination_wallet": 12, "destination_price": "41594.4147727273", "source_wallet": 2, "source_price": "0.0000240416893821928"}}, {"pk": 202, "model": "wallet.commission", "fields": {"time_limit": "2016-03-03T01:30:00Z", "destination_amount": "67.07883316", "source_amount": "0.00159782", "destination_wallet": 12, "destination_price": "41981.470478527", "source_wallet": 2, "source_price": "0.0000238200327097043"}}, {"pk": 203, "model": "wallet.commission", "fields": {"time_limit": "2016-03-03T01:30:00Z", "destination_amount": "2218.63352576", "source_amount": "0.05235975", "destination_wallet": 12, "destination_price": "42372.8823334718", "source_wallet": 2, "source_price": "0.0000235999994555496"}}, {"pk": 204, "model": "wallet.commission", "fields": {"time_limit": "2016-03-03T01:30:00Z", "destination_amount": "5000", "source_amount": "0.117", "destination_wallet": 12, "destination_price": "42735.0427350427", "source_wallet": 2, "source_price": "0.0000234"}}, {"pk": 205, "model": "wallet.commission", "fields": {"time_limit": "2016-03-03T01:30:00Z", "destination_amount": "0.00581036", "source_amount": "1.3E-7", "destination_wallet": 12, "destination_price": "44695.0769230769", "source_wallet": 2, "source_price": "0.0000223738288161147"}}, {"pk": 206, "model": "wallet.commission", "fields": {"time_limit": "2016-03-03T01:30:00Z", "destination_amount": "448.67488564", "source_amount": "0.01034196", "destination_wallet": 12, "destination_price": "43383.9316377166", "source_wallet": 2, "source_price": "0.0000230500086610553"}}, {"pk": 207, "model": "wallet.commission", "fields": {"time_limit": "2016-03-03T01:30:00Z", "destination_amount": "5.72", "source_amount": "0.00013122", "destination_wallet": 12, "destination_price": "43590.9160188996", "source_wallet": 2, "source_price": "0.0000229405594405594"}}, {"pk": 208, "model": "wallet.commission", "fields": {"time_limit": "2016-03-03T01:30:00Z", "destination_amount": "0.00750727", "source_amount": "1.7E-7", "destination_wallet": 12, "destination_price": "44160.4117647059", "source_wallet": 2, "source_price": "0.0000226447163882477"}}, {"pk": 209, "model": "wallet.commission", "fields": {"time_limit": "2016-03-03T01:30:00Z", "destination_amount": "10226.08746573", "source_amount": "0.23008697", "destination_wallet": 12, "destination_price": "44444.4440540462", "source_wallet": 2, "source_price": "0.0000225000001976391"}}, {"pk": 210, "model": "wallet.commission", "fields": {"time_limit": "2016-03-03T01:30:00Z", "destination_amount": "220", "source_amount": "0.004917", "destination_wallet": 12, "destination_price": "44742.7293064877", "source_wallet": 2, "source_price": "0.00002235"}}, {"pk": 212, "model": "wallet.commission", "fields": {"time_limit": "2016-03-03T01:30:00Z", "destination_amount": "3.41", "source_amount": "0.00007454", "destination_wallet": 12, "destination_price": "45747.2497987658", "source_wallet": 2, "source_price": "0.0000218592375366569"}}, {"pk": 213, "model": "wallet.commission", "fields": {"time_limit": "2016-03-03T01:30:00Z", "destination_amount": "250", "source_amount": "0.0054225", "destination_wallet": 12, "destination_price": "46104.1954817889", "source_wallet": 2, "source_price": "0.00002169"}}, {"pk": 214, "model": "wallet.commission", "fields": {"time_limit": "2016-03-03T01:30:00Z", "destination_amount": "3.51187688", "source_amount": "0.00007385", "destination_wallet": 12, "destination_price": "47554.1893026405", "source_wallet": 2, "source_price": "0.0000210286415280025"}}, {"pk": 215, "model": "wallet.commission", "fields": {"time_limit": "2016-03-03T01:30:00Z", "destination_amount": "1.93244316", "source_amount": "0.00003927", "destination_wallet": 12, "destination_price": "49209.1459129106", "source_wallet": 2, "source_price": "0.0000203214256506256"}}, {"pk": 216, "model": "wallet.commission", "fields": {"time_limit": "2016-03-03T01:30:00Z", "destination_amount": "10000", "source_amount": "0.1999", "destination_wallet": 12, "destination_price": "50025.0125062532", "source_wallet": 2, "source_price": "0.00001999"}}, {"pk": 217, "model": "wallet.commission", "fields": {"time_limit": "2016-03-03T01:30:00Z", "destination_amount": "1000", "source_amount": "0.0183", "destination_wallet": 12, "destination_price": "54644.8087431694", "source_wallet": 2, "source_price": "0.0000183"}}, {"pk": 218, "model": "wallet.commission", "fields": {"time_limit": "2016-03-03T01:30:00Z", "destination_amount": "80", "source_amount": "0.0014", "destination_wallet": 12, "destination_price": "57142.8571428572", "source_wallet": 2, "source_price": "0.0000175"}}, {"pk": 219, "model": "wallet.commission", "fields": {"time_limit": "2016-03-03T01:30:00Z", "destination_amount": "38", "source_amount": "0.00062814", "destination_wallet": 12, "destination_price": "60496.0677555959", "source_wallet": 2, "source_price": "0.00001653"}}, {"pk": 220, "model": "wallet.commission", "fields": {"time_limit": "2016-03-03T01:30:00Z", "destination_amount": "2200", "source_amount": "0.035178", "destination_wallet": 12, "destination_price": "62539.0869293309", "source_wallet": 2, "source_price": "0.00001599"}}, {"pk": 221, "model": "wallet.commission", "fields": {"time_limit": "2016-03-03T01:30:00Z", "destination_amount": "0.00000235", "source_amount": "0.09416166", "destination_wallet": 2, "destination_price": "0.0000249570791339065", "source_wallet": 12, "source_price": "40068.7914893617"}}, {"pk": 222, "model": "wallet.commission", "fields": {"time_limit": "2016-03-03T01:30:00Z", "destination_amount": "0.12075577", "source_amount": "4830.23082589", "destination_wallet": 2, "destination_price": "0.0000249999998660002", "source_wallet": 12, "source_price": "40000.0002143997"}}, {"pk": 223, "model": "wallet.commission", "fields": {"time_limit": "2016-03-03T01:30:00Z", "destination_amount": "0.00000101", "source_amount": "0.03957153", "destination_wallet": 2, "destination_price": "0.0000255234002829812", "source_wallet": 12, "source_price": "39179.7326732673"}}, {"pk": 225, "model": "wallet.commission", "fields": {"time_limit": "2016-03-03T01:30:00Z", "destination_amount": "0.00889267", "source_amount": "334.05991535", "destination_wallet": 2, "destination_price": "0.0000266199851924258", "source_wallet": 12, "source_price": "37565.7609413146"}}, {"pk": 226, "model": "wallet.commission", "fields": {"time_limit": "2016-03-03T01:30:00Z", "destination_amount": "0.0048096", "source_amount": "180", "destination_wallet": 2, "destination_price": "0.00002672", "source_wallet": 12, "source_price": "37425.1497005988"}}, {"pk": 227, "model": "wallet.commission", "fields": {"time_limit": "2016-03-03T01:30:00Z", "destination_amount": "0.05996831", "source_amount": "2221.04852145", "destination_wallet": 2, "destination_price": "0.0000269999999643637", "source_wallet": 12, "source_price": "37037.0370859209"}}, {"pk": 228, "model": "wallet.commission", "fields": {"time_limit": "2016-03-03T01:30:00Z", "destination_amount": "9.4E-7", "source_amount": "0.03426638", "destination_wallet": 2, "destination_price": "0.0000274321361054188", "source_wallet": 12, "source_price": "36453.5957446809"}}, {"pk": 229, "model": "wallet.commission", "fields": {"time_limit": "2016-03-03T01:30:00Z", "destination_amount": "0.03792405", "source_amount": "1368.11154298", "destination_wallet": 2, "destination_price": "0.0000277199985590315", "source_wallet": 12, "source_price": "36075.0379503244"}}, {"pk": 230, "model": "wallet.commission", "fields": {"time_limit": "2016-03-03T01:30:00Z", "destination_amount": "0.02804249", "source_amount": "1003.66837858", "destination_wallet": 2, "destination_price": "0.0000279399955189131", "source_wallet": 12, "source_price": "35790.9864131181"}}, {"pk": 231, "model": "wallet.commission", "fields": {"time_limit": "2016-03-03T01:30:00Z", "destination_amount": "0.0022656", "source_amount": "80", "destination_wallet": 2, "destination_price": "0.00002832", "source_wallet": 12, "source_price": "35310.7344632768"}}, {"pk": 232, "model": "wallet.commission", "fields": {"time_limit": "2016-03-03T01:30:00Z", "destination_amount": "0.00014", "source_amount": "4.784689", "destination_wallet": 2, "destination_price": "0.00002925999997074", "source_wallet": 12, "source_price": "34176.35"}}, {"pk": 233, "model": "wallet.commission", "fields": {"time_limit": "2016-03-03T01:30:00Z", "destination_amount": "0.0026955", "source_amount": "90", "destination_wallet": 2, "destination_price": "0.00002995", "source_wallet": 12, "source_price": "33388.9816360601"}}, {"pk": 234, "model": "wallet.commission", "fields": {"time_limit": "2016-03-03T01:30:00Z", "destination_amount": "0.0380125", "source_amount": "1250", "destination_wallet": 2, "destination_price": "0.00003041", "source_wallet": 12, "source_price": "32883.9197632358"}}, {"pk": 236, "model": "wallet.commission", "fields": {"time_limit": "2016-03-03T01:30:00Z", "destination_amount": "0.00638", "source_amount": "200", "destination_wallet": 2, "destination_price": "0.0000319", "source_wallet": 12, "source_price": "31347.9623824451"}}, {"pk": 237, "model": "wallet.commission", "fields": {"time_limit": "2016-03-03T01:30:00Z", "destination_amount": "0.0061125", "source_amount": "187.5", "destination_wallet": 2, "destination_price": "0.0000326", "source_wallet": 12, "source_price": "30674.8466257669"}}, {"pk": 238, "model": "wallet.commission", "fields": {"time_limit": "2016-03-03T01:30:00Z", "destination_amount": "0.016575", "source_amount": "500", "destination_wallet": 2, "destination_price": "0.00003315", "source_wallet": 12, "source_price": "30165.9125188537"}}, {"pk": 239, "model": "wallet.commission", "fields": {"time_limit": "2016-03-03T01:30:00Z", "destination_amount": "1.50086352", "source_amount": "44273.26016134", "destination_wallet": 2, "destination_price": "0.0000339000000119841", "source_wallet": 12, "source_price": "29498.5250633182"}}, {"pk": 240, "model": "wallet.commission", "fields": {"time_limit": "2016-03-03T01:30:00Z", "destination_amount": "0.00071858", "source_amount": "20.96830893", "destination_wallet": 2, "destination_price": "0.0000342698117620685", "source_wallet": 12, "source_price": "29180.2011327897"}}, {"pk": 1, "model": "auth.permission", "fields": {"codename": "add_permission", "name": "Can add permission", "content_type": 1}}, {"pk": 2, "model": "auth.permission", "fields": {"codename": "change_permission", "name": "Can change permission", "content_type": 1}}, {"pk": 3, "model": "auth.permission", "fields": {"codename": "delete_permission", "name": "Can delete permission", "content_type": 1}}, {"pk": 4, "model": "auth.permission", "fields": {"codename": "add_group", "name": "Can add group", "content_type": 2}}, {"pk": 5, "model": "auth.permission", "fields": {"codename": "change_group", "name": "Can change group", "content_type": 2}}, {"pk": 6, "model": "auth.permission", "fields": {"codename": "delete_group", "name": "Can delete group", "content_type": 2}}, {"pk": 7, "model": "auth.permission", "fields": {"codename": "add_user", "name": "Can add user", "content_type": 3}}, {"pk": 8, "model": "auth.permission", "fields": {"codename": "change_user", "name": "Can change user", "content_type": 3}}, {"pk": 9, "model": "auth.permission", "fields": {"codename": "delete_user", "name": "Can delete user", "content_type": 3}}, {"pk": 10, "model": "auth.permission", "fields": {"codename": "add_contenttype", "name": "Can add content type", "content_type": 4}}, {"pk": 11, "model": "auth.permission", "fields": {"codename": "change_contenttype", "name": "Can change content type", "content_type": 4}}, {"pk": 12, "model": "auth.permission", "fields": {"codename": "delete_contenttype", "name": "Can delete content type", "content_type": 4}}, {"pk": 13, "model": "auth.permission", "fields": {"codename": "add_session", "name": "Can add session", "content_type": 5}}, {"pk": 14, "model": "auth.permission", "fields": {"codename": "change_session", "name": "Can change session", "content_type": 5}}, {"pk": 15, "model": "auth.permission", "fields": {"codename": "delete_session", "name": "Can delete session", "content_type": 5}}, {"pk": 16, "model": "auth.permission", "fields": {"codename": "add_site", "name": "Can add site", "content_type": 6}}, {"pk": 17, "model": "auth.permission", "fields": {"codename": "change_site", "name": "Can change site", "content_type": 6}}, {"pk": 18, "model": "auth.permission", "fields": {"codename": "delete_site", "name": "Can delete site", "content_type": 6}}, {"pk": 19, "model": "auth.permission", "fields": {"codename": "add_logentry", "name": "Can add log entry", "content_type": 7}}, {"pk": 20, "model": "auth.permission", "fields": {"codename": "change_logentry", "name": "Can change log entry", "content_type": 7}}, {"pk": 21, "model": "auth.permission", "fields": {"codename": "delete_logentry", "name": "Can delete log entry", "content_type": 7}}, {"pk": 22, "model": "auth.permission", "fields": {"codename": "add_userproxy", "name": "Can add user proxy", "content_type": 8}}, {"pk": 23, "model": "auth.permission", "fields": {"codename": "change_userproxy", "name": "Can change user proxy", "content_type": 8}}, {"pk": 24, "model": "auth.permission", "fields": {"codename": "delete_userproxy", "name": "Can delete user proxy", "content_type": 8}}, {"pk": 25, "model": "auth.permission", "fields": {"codename": "add_cryptocurrency", "name": "Can add cryptocurrency", "content_type": 9}}, {"pk": 26, "model": "auth.permission", "fields": {"codename": "change_cryptocurrency", "name": "Can change cryptocurrency", "content_type": 9}}, {"pk": 27, "model": "auth.permission", "fields": {"codename": "delete_cryptocurrency", "name": "Can delete cryptocurrency", "content_type": 9}}, {"pk": 28, "model": "auth.permission", "fields": {"codename": "add_commission", "name": "Can add commission", "content_type": 10}}, {"pk": 29, "model": "auth.permission", "fields": {"codename": "change_commission", "name": "Can change commission", "content_type": 10}}, {"pk": 30, "model": "auth.permission", "fields": {"codename": "delete_commission", "name": "Can delete commission", "content_type": 10}}, {"pk": 31, "model": "auth.permission", "fields": {"codename": "add_history", "name": "Can add history", "content_type": 11}}, {"pk": 32, "model": "auth.permission", "fields": {"codename": "change_history", "name": "Can change history", "content_type": 11}}, {"pk": 33, "model": "auth.permission", "fields": {"codename": "delete_history", "name": "Can delete history", "content_type": 11}}, {"pk": 34, "model": "auth.permission", "fields": {"codename": "add_commissionhistory", "name": "Can add commission history", "content_type": 12}}, {"pk": 35, "model": "auth.permission", "fields": {"codename": "change_commissionhistory", "name": "Can change commission history", "content_type": 12}}, {"pk": 36, "model": "auth.permission", "fields": {"codename": "delete_commissionhistory", "name": "Can delete commission history", "content_type": 12}}, {"pk": 37, "model": "auth.permission", "fields": {"codename": "add_deposithistory", "name": "Can add deposit history", "content_type": 13}}, {"pk": 38, "model": "auth.permission", "fields": {"codename": "change_deposithistory", "name": "Can change deposit history", "content_type": 13}}, {"pk": 39, "model": "auth.permission", "fields": {"codename": "delete_deposithistory", "name": "Can delete deposit history", "content_type": 13}}, {"pk": 40, "model": "auth.permission", "fields": {"codename": "add_withdrawcodes", "name": "Can add withdraw codes", "content_type": 14}}, {"pk": 41, "model": "auth.permission", "fields": {"codename": "change_withdrawcodes", "name": "Can change withdraw codes", "content_type": 14}}, {"pk": 42, "model": "auth.permission", "fields": {"codename": "delete_withdrawcodes", "name": "Can delete withdraw codes", "content_type": 14}}, {"pk": 43, "model": "auth.permission", "fields": {"codename": "add_userwallet", "name": "Can add user wallet", "content_type": 15}}, {"pk": 44, "model": "auth.permission", "fields": {"codename": "change_userwallet", "name": "Can change user wallet", "content_type": 15}}, {"pk": 45, "model": "auth.permission", "fields": {"codename": "delete_userwallet", "name": "Can delete user wallet", "content_type": 15}}, {"pk": 46, "model": "auth.permission", "fields": {"codename": "add_plnwallet", "name": "Can add pln wallet", "content_type": 15}}, {"pk": 47, "model": "auth.permission", "fields": {"codename": "change_plnwallet", "name": "Can change pln wallet", "content_type": 15}}, {"pk": 48, "model": "auth.permission", "fields": {"codename": "delete_plnwallet", "name": "Can delete pln wallet", "content_type": 15}}, {"pk": 49, "model": "auth.permission", "fields": {"codename": "add_litewallet", "name": "Can add lite wallet", "content_type": 15}}, {"pk": 50, "model": "auth.permission", "fields": {"codename": "change_litewallet", "name": "Can change lite wallet", "content_type": 15}}, {"pk": 51, "model": "auth.permission", "fields": {"codename": "delete_litewallet", "name": "Can delete lite wallet", "content_type": 15}}, {"pk": 52, "model": "auth.permission", "fields": {"codename": "add_userprofile", "name": "Can add user", "content_type": 8}}, {"pk": 53, "model": "auth.permission", "fields": {"codename": "change_userprofile", "name": "Can change user", "content_type": 8}}, {"pk": 54, "model": "auth.permission", "fields": {"codename": "delete_userprofile", "name": "Can delete user", "content_type": 8}}, {"pk": 55, "model": "auth.permission", "fields": {"codename": "add_usernotconfirmed", "name": "Can add user not confirmed", "content_type": 19}}, {"pk": 56, "model": "auth.permission", "fields": {"codename": "change_usernotconfirmed", "name": "Can change user not confirmed", "content_type": 19}}, {"pk": 57, "model": "auth.permission", "fields": {"codename": "delete_usernotconfirmed", "name": "Can delete user not confirmed", "content_type": 19}}, {"pk": 58, "model": "auth.permission", "fields": {"codename": "add_newss", "name": "Can add newss", "content_type": 20}}, {"pk": 59, "model": "auth.permission", "fields": {"codename": "change_newss", "name": "Can change newss", "content_type": 20}}, {"pk": 60, "model": "auth.permission", "fields": {"codename": "delete_newss", "name": "Can delete newss", "content_type": 20}}, {"pk": 2, "model": "auth.user", "fields": {"username": "Chrystian", "first_name": "Chrystian", "last_name": "Kis\u0142o", "is_active": true, "is_superuser": true, "is_staff": true, "last_login": "2014-06-15T21:35:59.579Z", "groups": [], "user_permissions": [], "password": "pbkdf2_sha256$10000$ZqhaZgjOuKWx$40r8b91AQ7/GGbHtb0xawmeJiv29giEVADFyh5KO9Dk=", "email": "chrystian_1@gazeta.pl", "date_joined": "2014-06-03T20:38:42Z"}}, {"pk": 3, "model": "auth.user", "fields": {"username": "Stefan", "first_name": "Stefan", "last_name": "Ejsmont", "is_active": true, "is_superuser": false, "is_staff": false, "last_login": "2014-06-15T18:18:35.950Z", "groups": [], "user_permissions": [], "password": "pbkdf2_sha256$10000$gxjZD1aeo01A$OQdRLRJMwLvtzMsscoMIo8G8Ps82TrTpqpAFS7KGKX8=", "email": "", "date_joined": "2014-06-03T20:39:11Z"}}, {"pk": 4, "model": "auth.user", "fields": {"username": "Karol", "first_name": "Karol", "last_name": "", "is_active": true, "is_superuser": false, "is_staff": false, "last_login": "2014-06-15T18:07:36.193Z", "groups": [], "user_permissions": [], "password": "pbkdf2_sha256$10000$2B4rkXNWgxkb$iU+EvEGCGs1PEdsPsRLKo7nmxNf3O6i5pxAGK/z5fa4=", "email": "", "date_joined": "2014-06-03T20:39:38Z"}}, {"pk": 5, "model": "auth.user", "fields": {"username": "Olga", "first_name": "", "last_name": "", "is_active": true, "is_superuser": false, "is_staff": false, "last_login": "2014-06-15T18:26:52.504Z", "groups": [], "user_permissions": [], "password": "pbkdf2_sha256$10000$Y8zzxuW9UOxA$EK6CWLq6raxBC3v8Gx/W/S5PRVYl33TIYEAUOXZTAu0=", "email": "", "date_joined": "2014-06-03T20:39:52Z"}}, {"pk": 6, "model": "auth.user", "fields": {"username": "Piotr", "first_name": "Piotr", "last_name": "Wyszkowski", "is_active": true, "is_superuser": false, "is_staff": false, "last_login": "2014-06-15T18:18:03.627Z", "groups": [], "user_permissions": [], "password": "pbkdf2_sha256$10000$BLEQgFk0wRhC$gyvOnF4oy6/vtW5aU6ZehJ+reFkabbzhpuKGF9FqhXk=", "email": "", "date_joined": "2014-06-03T20:40:07Z"}}, {"pk": 7, "model": "auth.user", "fields": {"username": "admin", "first_name": "", "last_name": "", "is_active": true, "is_superuser": true, "is_staff": true, "last_login": "2014-06-15T21:35:54Z", "groups": [], "user_permissions": [], "password": "pbkdf2_sha256$10000$Adcr8MNCTbYg$huZfwmL5tXb+pla4BzaZJijEmGsrBJ7UEM+9glJGWLs=", "email": "", "date_joined": "2014-06-15T21:35:36Z"}}, {"pk": 1213, "model": "admin.logentry", "fields": {"action_flag": 2, "action_time": "2014-06-15T21:36:21.169Z", "object_repr": "Admin", "object_id": "7", "change_message": "Changed password, first_name, last_name, email, is_staff and is_superuser.", "user": 2, "content_type": 3}}, {"pk": 1214, "model": "admin.logentry", "fields": {"action_flag": 3, "action_time": "2014-06-15T21:36:37.975Z", "object_repr": "admin", "object_id": "1", "change_message": "", "user": 2, "content_type": 3}}, {"pk": 1215, "model": "admin.logentry", "fields": {"action_flag": 2, "action_time": "2014-06-15T21:36:50.533Z", "object_repr": "admin", "object_id": "7", "change_message": "Changed username and password.", "user": 2, "content_type": 3}}, {"pk": 2, "model": "index.userprofile", "fields": {"url": "", "phone_number": "507606346", "company": "", "groups": [], "user_permissions": []}}, {"pk": 3, "model": "index.userprofile", "fields": {"url": "", "phone_number": "0", "company": "", "groups": [], "user_permissions": []}}, {"pk": 4, "model": "index.userprofile", "fields": {"url": "", "phone_number": "1", "company": "", "groups": [], "user_permissions": []}}, {"pk": 5, "model": "index.userprofile", "fields": {"url": "", "phone_number": "1", "company": "", "groups": [], "user_permissions": []}}, {"pk": 6, "model": "index.userprofile", "fields": {"url": "", "phone_number": "2", "company": "", "groups": [], "user_permissions": []}}, {"pk": 7, "model": "index.userprofile", "fields": {"url": "", "phone_number": "Admin", "company": "", "groups": [], "user_permissions": []}}, {"pk": 1, "model": "wallet.userwallet", "fields": {"cryptocurrency": 1, "account_balance": "9999971191.90272", "user": 2, "code": ""}}, {"pk": 2, "model": "wallet.userwallet", "fields": {"cryptocurrency": 1, "account_balance": "9999934371.35637", "user": 3, "code": ""}}, {"pk": 3, "model": "wallet.userwallet", "fields": {"cryptocurrency": 1, "account_balance": "9999878229.12983", "user": 4, "code": ""}}, {"pk": 4, "model": "wallet.userwallet", "fields": {"cryptocurrency": 1, "account_balance": "9999944955.22847", "user": 5, "code": ""}}, {"pk": 5, "model": "wallet.userwallet", "fields": {"cryptocurrency": 1, "account_balance": "9999991398.16046", "user": 6, "code": ""}}, {"pk": 6, "model": "wallet.userwallet", "fields": {"cryptocurrency": 2, "account_balance": "100", "user": 2, "code": ""}}, {"pk": 7, "model": "wallet.userwallet", "fields": {"cryptocurrency": 2, "account_balance": "1228012.72206384", "user": 3, "code": ""}}, {"pk": 8, "model": "wallet.userwallet", "fields": {"cryptocurrency": 2, "account_balance": "45533.77275065", "user": 4, "code": ""}}, {"pk": 9, "model": "wallet.userwallet", "fields": {"cryptocurrency": 2, "account_balance": "1323", "user": 5, "code": ""}}, {"pk": 10, "model": "wallet.userwallet", "fields": {"cryptocurrency": 2, "account_balance": "0", "user": 6, "code": ""}}, {"pk": 11, "model": "wallet.userwallet", "fields": {"cryptocurrency": 3, "account_balance": "9999987160.57154", "user": 2, "code": ""}}, {"pk": 12, "model": "wallet.userwallet", "fields": {"cryptocurrency": 3, "account_balance": "9999942040.93468", "user": 3, "code": ""}}, {"pk": 13, "model": "wallet.userwallet", "fields": {"cryptocurrency": 3, "account_balance": "9999987874.87676", "user": 4, "code": ""}}, {"pk": 14, "model": "wallet.userwallet", "fields": {"cryptocurrency": 3, "account_balance": "9999994316.82171", "user": 5, "code": ""}}, {"pk": 15, "model": "wallet.userwallet", "fields": {"cryptocurrency": 3, "account_balance": "9999994758.10304", "user": 6, "code": ""}}, {"pk": 16, "model": "wallet.userwallet", "fields": {"cryptocurrency": 1, "account_balance": "0", "user": 7, "code": ""}}, {"pk": 17, "model": "wallet.userwallet", "fields": {"cryptocurrency": 3, "account_balance": "0", "user": 7, "code": ""}}, {"pk": 18, "model": "wallet.userwallet", "fields": {"cryptocurrency": 2, "account_balance": "0", "user": 7, "code": ""}}, {"pk": 1, "model": "wallet.deposithistory", "fields": {"confirmed": false, "executed_time": "2014-06-07T16:45:30.016Z", "cryptocurrency": 1, "amount": "345334.33445", "user": 2, "wallet_address": "1LxZ84RfAscG7KYpsnqit3i283g5WgBURQ", "deposit": true}}, {"pk": 2, "model": "wallet.deposithistory", "fields": {"confirmed": false, "executed_time": "2014-06-07T16:45:30.026Z", "cryptocurrency": 2, "amount": "232344.543432", "user": 2, "wallet_address": "1LasdfcG7KYpsnqit3i283g5WasdfsddRQ", "deposit": true}}, {"pk": 3, "model": "wallet.deposithistory", "fields": {"confirmed": false, "executed_time": "2014-06-07T16:45:30.036Z", "cryptocurrency": 3, "amount": "234234.343434", "user": 2, "wallet_address": "34jktnkjngkdfjgnkdbndkjfbnslWgBURQ", "deposit": true}}, {"pk": 4, "model": "wallet.deposithistory", "fields": {"confirmed": false, "executed_time": "2014-06-07T16:45:30.047Z", "cryptocurrency": 1, "amount": "123123123.343434", "user": 3, "wallet_address": "1LxZ84RfAscG7KYpsnqit3i283g5WgBDGF", "deposit": true}}, {"pk": 5, "model": "wallet.deposithistory", "fields": {"confirmed": false, "executed_time": "2014-06-07T16:45:30.059Z", "cryptocurrency": 2, "amount": "1231233.4343", "user": 3, "wallet_address": "1LxZ84RfAscFRG7KYpsdf3i283g5WgBURQ", "deposit": true}}, {"pk": 6, "model": "wallet.deposithistory", "fields": {"confirmed": false, "executed_time": "2014-06-07T16:45:30.070Z", "cryptocurrency": 3, "amount": "4324234.2324", "user": 3, "wallet_address": "1LxZ84RfAscG7KYpsnsdfg34tgrtgb45te", "deposit": true}}, {"pk": 7, "model": "wallet.deposithistory", "fields": {"confirmed": false, "executed_time": "2014-06-07T16:45:30.081Z", "cryptocurrency": 1, "amount": "545.234", "user": 4, "wallet_address": "34H89F7OW34GHOIBUSNODB7IYODF8GB7SH", "deposit": true}}, {"pk": 8, "model": "wallet.deposithistory", "fields": {"confirmed": false, "executed_time": "2014-06-07T16:45:30.090Z", "cryptocurrency": 2, "amount": "45545", "user": 4, "wallet_address": "9DF8SB7SUY9ERJTOW489UGOCR8TVBJSDOP", "deposit": true}}, {"pk": 9, "model": "wallet.deposithistory", "fields": {"confirmed": false, "executed_time": "2014-06-07T16:45:30.100Z", "cryptocurrency": 3, "amount": "123123", "user": 4, "wallet_address": "VBWE4M8CUG59WU4CV9GW9ERCTGOSEIRGVL", "deposit": true}}, {"pk": 10, "model": "wallet.deposithistory", "fields": {"confirmed": false, "executed_time": "2014-06-07T16:45:30.110Z", "cryptocurrency": 1, "amount": "123.45", "user": 5, "wallet_address": "1LxZ84RfAscGVBW4NKJ5NG4L5T39RGRJKF", "deposit": true}}, {"pk": 11, "model": "wallet.deposithistory", "fields": {"confirmed": false, "executed_time": "2014-06-07T16:45:30.122Z", "cryptocurrency": 2, "amount": "1323", "user": 5, "wallet_address": "4RJ398FGJODVJNEROGVJWPE48G5UJPOTGI", "deposit": true}}, {"pk": 12, "model": "wallet.deposithistory", "fields": {"confirmed": false, "executed_time": "2014-06-07T16:45:30.136Z", "cryptocurrency": 3, "amount": "10.434", "user": 5, "wallet_address": "RGN3QP2389GPJDFIVFSDVJASLFKDJSLKJF", "deposit": true}}, {"pk": 13, "model": "wallet.deposithistory", "fields": {"confirmed": false, "executed_time": "2014-06-07T16:45:30.146Z", "cryptocurrency": 1, "amount": "10000", "user": 6, "wallet_address": "UNG4OIF5YRG897FVYO9SD8BOI8SDUFBSD8", "deposit": true}}, {"pk": 14, "model": "wallet.deposithistory", "fields": {"confirmed": false, "executed_time": "2014-06-07T16:45:30.156Z", "cryptocurrency": 2, "amount": "0", "user": 6, "wallet_address": "POG4JKOPGYRU8TF9BUJOFIGBJOFGIBJBBG", "deposit": true}}, {"pk": 15, "model": "wallet.deposithistory", "fields": {"confirmed": false, "executed_time": "2014-06-07T16:45:30.166Z", "cryptocurrency": 3, "amount": "10", "user": 6, "wallet_address": "54GU8ED9RGUTVBJSDPOIUBJHSFGBU8F9G8", "deposit": true}}, {"pk": 1, "model": "wallet.history", "fields": {"purchaser": null, "cryptocurrency_sold": 1, "amount_sold": "0.00150125", "executed_time": null, "amount_bought": "62.5", "seller": 4, "sold_price": "0.00002402", "create_time": "2014-06-15T18:17:32.301Z", "cryptocurrency_bought": 3, "bought_price": "41631.9733555371", "commission_id": 1}}, {"pk": 2, "model": "wallet.history", "fields": {"purchaser": null, "cryptocurrency_sold": 1, "amount_sold": "3.7E-7", "executed_time": null, "amount_bought": "0.0153369", "seller": 4, "sold_price": "0.0000241248231389655", "create_time": "2014-06-15T18:17:32.314Z", "cryptocurrency_bought": 3, "bought_price": "41451.0810810811", "commission_id": 2}}, {"pk": 3, "model": "wallet.history", "fields": {"purchaser": null, "cryptocurrency_sold": 1, "amount_sold": "7.1E-7", "executed_time": null, "amount_bought": "0.0302624", "seller": 4, "sold_price": "0.0000234614571217088", "create_time": "2014-06-15T18:17:32.327Z", "cryptocurrency_bought": 3, "bought_price": "42623.0985915493", "commission_id": 3}}, {"pk": 4, "model": "wallet.history", "fields": {"purchaser": null, "cryptocurrency_sold": 1, "amount_sold": "2.0E-7", "executed_time": null, "amount_bought": "0.0085895", "seller": 4, "sold_price": "0.0000232842423889633", "create_time": "2014-06-15T18:17:32.339Z", "cryptocurrency_bought": 3, "bought_price": "42947.5", "commission_id": 4}}, {"pk": 5, "model": "wallet.history", "fields": {"purchaser": null, "cryptocurrency_sold": 1, "amount_sold": "0.05574717", "executed_time": null, "amount_bought": "2397.72782131", "seller": 4, "sold_price": "0.0000232499992303307", "create_time": "2014-06-15T18:17:32.351Z", "cryptocurrency_bought": 3, "bought_price": "43010.7541120025", "commission_id": 5}}, {"pk": 6, "model": "wallet.history", "fields": {"purchaser": null, "cryptocurrency_sold": 1, "amount_sold": "1.4E-7", "executed_time": null, "amount_bought": "0.00587091", "seller": 4, "sold_price": "0.0000238463883793143", "create_time": "2014-06-15T18:17:32.363Z", "cryptocurrency_bought": 3, "bought_price": "41935.0714285714", "commission_id": 6}}, {"pk": 7, "model": "wallet.history", "fields": {"purchaser": null, "cryptocurrency_sold": 1, "amount_sold": "0.00076277", "executed_time": null, "amount_bought": "33.20720852", "seller": 4, "sold_price": "0.0000229700126567579", "create_time": "2014-06-15T18:17:32.376Z", "cryptocurrency_bought": 3, "bought_price": "43535.0217234553", "commission_id": 7}}, {"pk": 8, "model": "wallet.history", "fields": {"purchaser": null, "cryptocurrency_sold": 1, "amount_sold": "0.11375", "executed_time": null, "amount_bought": "5000", "seller": 4, "sold_price": "0.00002275", "create_time": "2014-06-15T18:17:32.388Z", "cryptocurrency_bought": 3, "bought_price": "43956.043956044", "commission_id": 8}}, {"pk": 9, "model": "wallet.history", "fields": {"purchaser": null, "cryptocurrency_sold": 1, "amount_sold": "0.04965857", "executed_time": null, "amount_bought": "2206.06690179", "seller": 4, "sold_price": "0.000022510001831634", "create_time": "2014-06-15T18:17:32.401Z", "cryptocurrency_bought": 3, "bought_price": "44424.6965184459", "commission_id": 9}}, {"pk": 10, "model": "wallet.history", "fields": {"purchaser": null, "cryptocurrency_sold": 1, "amount_sold": "0.00745667", "executed_time": null, "amount_bought": "333.33333333", "seller": 4, "sold_price": "0.0000223700100002237", "create_time": "2014-06-15T18:17:32.414Z", "cryptocurrency_bought": 3, "bought_price": "44702.7068825629", "commission_id": 10}}, {"pk": 11, "model": "wallet.history", "fields": {"purchaser": null, "cryptocurrency_sold": 1, "amount_sold": "0.02824931", "executed_time": null, "amount_bought": "1274.78849029", "seller": 4, "sold_price": "0.000022159997689949", "create_time": "2014-06-15T18:17:32.426Z", "cryptocurrency_bought": 3, "bought_price": "45126.3584947739", "commission_id": 11}}, {"pk": 12, "model": "wallet.history", "fields": {"purchaser": null, "cryptocurrency_sold": 1, "amount_sold": "0.33", "executed_time": null, "amount_bought": "15000", "seller": 4, "sold_price": "0.000022", "create_time": "2014-06-15T18:17:32.438Z", "cryptocurrency_bought": 3, "bought_price": "45454.5454545455", "commission_id": 12}}, {"pk": 13, "model": "wallet.history", "fields": {"purchaser": null, "cryptocurrency_sold": 1, "amount_sold": "0.00292418", "executed_time": null, "amount_bought": "134.75488496", "seller": 4, "sold_price": "0.0000216999925521661", "create_time": "2014-06-15T18:17:32.451Z", "cryptocurrency_bought": 3, "bought_price": "46082.9651252659", "commission_id": 13}}, {"pk": 14, "model": "wallet.history", "fields": {"purchaser": null, "cryptocurrency_sold": 1, "amount_sold": "0.00596994", "executed_time": null, "amount_bought": "283.204", "seller": 4, "sold_price": "0.0000210799988700725", "create_time": "2014-06-15T18:17:32.463Z", "cryptocurrency_bought": 3, "bought_price": "47438.3327135616", "commission_id": 14}}, {"pk": 15, "model": "wallet.history", "fields": {"purchaser": null, "cryptocurrency_sold": 1, "amount_sold": "0.00005009", "executed_time": null, "amount_bought": "2.41632051", "seller": 4, "sold_price": "0.0000207298658405213", "create_time": "2014-06-15T18:17:32.477Z", "cryptocurrency_bought": 3, "bought_price": "48239.5789578758", "commission_id": 15}}, {"pk": 16, "model": "wallet.history", "fields": {"purchaser": null, "cryptocurrency_sold": 1, "amount_sold": "0.502", "executed_time": null, "amount_bought": "25100", "seller": 4, "sold_price": "0.000020", "create_time": "2014-06-15T18:17:32.490Z", "cryptocurrency_bought": 3, "bought_price": "50000", "commission_id": 16}}, {"pk": 17, "model": "wallet.history", "fields": {"purchaser": null, "cryptocurrency_sold": 1, "amount_sold": "0.42095662", "executed_time": null, "amount_bought": "22155.61177482", "seller": 4, "sold_price": "0.0000189999998320254", "create_time": "2014-06-15T18:17:32.502Z", "cryptocurrency_bought": 3, "bought_price": "52631.579412672", "commission_id": 17}}, {"pk": 18, "model": "wallet.history", "fields": {"purchaser": null, "cryptocurrency_sold": 1, "amount_sold": "0.5425819", "executed_time": null, "amount_bought": "30533.59005413", "seller": 4, "sold_price": "0.000017770000155177", "create_time": "2014-06-15T18:17:32.514Z", "cryptocurrency_bought": 3, "bought_price": "56274.6196548945", "commission_id": 18}}, {"pk": 19, "model": "wallet.history", "fields": {"purchaser": null, "cryptocurrency_sold": 1, "amount_sold": "0.11820062", "executed_time": null, "amount_bought": "7056.75334053", "seller": 4, "sold_price": "0.0000167500002190983", "create_time": "2014-06-15T18:17:32.526Z", "cryptocurrency_bought": 3, "bought_price": "59701.4917563884", "commission_id": 19}}, {"pk": 20, "model": "wallet.history", "fields": {"purchaser": null, "cryptocurrency_sold": 1, "amount_sold": "0.16311221", "executed_time": null, "amount_bought": "10194.51309227", "seller": 4, "sold_price": "0.0000160000000513688", "create_time": "2014-06-15T18:17:32.538Z", "cryptocurrency_bought": 3, "bought_price": "62499.9997993406", "commission_id": 20}}, {"pk": 21, "model": "wallet.history", "fields": {"purchaser": null, "cryptocurrency_sold": 3, "amount_sold": "100.61837588", "executed_time": null, "amount_bought": "0.0023927", "seller": 4, "sold_price": "42052.2321561416", "create_time": "2014-06-15T18:17:32.549Z", "cryptocurrency_bought": 1, "bought_price": "0.0000237799505216979", "commission_id": 21}}, {"pk": 22, "model": "wallet.history", "fields": {"purchaser": null, "cryptocurrency_sold": 3, "amount_sold": "363.21434714", "executed_time": null, "amount_bought": "0.00907673", "seller": 4, "sold_price": "40015.9911267604", "create_time": "2014-06-15T18:17:32.561Z", "cryptocurrency_bought": 1, "bought_price": "0.0000249900095397427", "commission_id": 22}}, {"pk": 23, "model": "wallet.history", "fields": {"purchaser": null, "cryptocurrency_sold": 3, "amount_sold": "0.35730042", "executed_time": null, "amount_bought": "0.00000905", "seller": 4, "sold_price": "39480.7093922652", "create_time": "2014-06-15T18:17:32.571Z", "cryptocurrency_bought": 1, "bought_price": "0.0000253288255300679", "commission_id": 23}}, {"pk": 24, "model": "wallet.history", "fields": {"purchaser": null, "cryptocurrency_sold": 3, "amount_sold": "0.02963212", "executed_time": null, "amount_bought": "7.8E-7", "seller": 4, "sold_price": "37989.8974358974", "create_time": "2014-06-15T18:17:32.583Z", "cryptocurrency_bought": 1, "bought_price": "0.0000263227875697048", "commission_id": 24}}, {"pk": 25, "model": "wallet.history", "fields": {"purchaser": null, "cryptocurrency_sold": 3, "amount_sold": "127", "executed_time": null, "amount_bought": "0.00337947", "seller": 4, "sold_price": "37579.8571965427", "create_time": "2014-06-15T18:17:32.594Z", "cryptocurrency_bought": 1, "bought_price": "0.00002661", "commission_id": 25}}, {"pk": 26, "model": "wallet.history", "fields": {"purchaser": null, "cryptocurrency_sold": 3, "amount_sold": "0.00596527", "executed_time": null, "amount_bought": "1.6E-7", "seller": 4, "sold_price": "37282.9375", "create_time": "2014-06-15T18:17:32.604Z", "cryptocurrency_bought": 1, "bought_price": "0.0000268219208853916", "commission_id": 26}}, {"pk": 27, "model": "wallet.history", "fields": {"purchaser": null, "cryptocurrency_sold": 3, "amount_sold": "1000", "executed_time": null, "amount_bought": "0.02699", "seller": 4, "sold_price": "37050.7595405706", "create_time": "2014-06-15T18:17:32.616Z", "cryptocurrency_bought": 1, "bought_price": "0.00002699", "commission_id": 27}}, {"pk": 28, "model": "wallet.history", "fields": {"purchaser": null, "cryptocurrency_sold": 3, "amount_sold": "500", "executed_time": null, "amount_bought": "0.013655", "seller": 4, "sold_price": "36616.6239472721", "create_time": "2014-06-15T18:17:32.627Z", "cryptocurrency_bought": 1, "bought_price": "0.00002731", "commission_id": 28}}, {"pk": 29, "model": "wallet.history", "fields": {"purchaser": null, "cryptocurrency_sold": 3, "amount_sold": "0.00451531", "executed_time": null, "amount_bought": "1.3E-7", "seller": 4, "sold_price": "34733.1538461538", "create_time": "2014-06-15T18:17:32.637Z", "cryptocurrency_bought": 1, "bought_price": "0.000028790935727558", "commission_id": 29}}, {"pk": 30, "model": "wallet.history", "fields": {"purchaser": null, "cryptocurrency_sold": 3, "amount_sold": "0.00445965", "executed_time": null, "amount_bought": "1.2E-7", "seller": 4, "sold_price": "37163.75", "create_time": "2014-06-15T18:17:32.648Z", "cryptocurrency_bought": 1, "bought_price": "0.0000269079412061485", "commission_id": 30}}, {"pk": 31, "model": "wallet.history", "fields": {"purchaser": null, "cryptocurrency_sold": 3, "amount_sold": "500", "executed_time": null, "amount_bought": "0.014155", "seller": 4, "sold_price": "35323.2073472271", "create_time": "2014-06-15T18:17:32.659Z", "cryptocurrency_bought": 1, "bought_price": "0.00002831", "commission_id": 31}}, {"pk": 32, "model": "wallet.history", "fields": {"purchaser": null, "cryptocurrency_sold": 3, "amount_sold": "110", "executed_time": null, "amount_bought": "0.00319", "seller": 4, "sold_price": "34482.7586206897", "create_time": "2014-06-15T18:17:32.670Z", "cryptocurrency_bought": 1, "bought_price": "0.000029", "commission_id": 32}}, {"pk": 33, "model": "wallet.history", "fields": {"purchaser": null, "cryptocurrency_sold": 3, "amount_sold": "6000", "executed_time": null, "amount_bought": "0.17946", "seller": 4, "sold_price": "33433.6342360415", "create_time": "2014-06-15T18:17:32.681Z", "cryptocurrency_bought": 1, "bought_price": "0.00002991", "commission_id": 33}}, {"pk": 34, "model": "wallet.history", "fields": {"purchaser": null, "cryptocurrency_sold": 3, "amount_sold": "30", "executed_time": null, "amount_bought": "0.0009015", "seller": 4, "sold_price": "33277.8702163062", "create_time": "2014-06-15T18:17:32.691Z", "cryptocurrency_bought": 1, "bought_price": "0.00003005", "commission_id": 34}}, {"pk": 35, "model": "wallet.history", "fields": {"purchaser": null, "cryptocurrency_sold": 3, "amount_sold": "3.31235508", "executed_time": null, "amount_bought": "0.00010248", "seller": 4, "sold_price": "32321.9660421546", "create_time": "2014-06-15T18:17:32.702Z", "cryptocurrency_bought": 1, "bought_price": "0.0000309387120417054", "commission_id": 35}}, {"pk": 36, "model": "wallet.history", "fields": {"purchaser": null, "cryptocurrency_sold": 3, "amount_sold": "987", "executed_time": null, "amount_bought": "0.03136686", "seller": 4, "sold_price": "31466.3310258024", "create_time": "2014-06-15T18:17:32.712Z", "cryptocurrency_bought": 1, "bought_price": "0.00003178", "commission_id": 36}}, {"pk": 37, "model": "wallet.history", "fields": {"purchaser": null, "cryptocurrency_sold": 3, "amount_sold": "24.56101647", "executed_time": null, "amount_bought": "0.00079725", "seller": 4, "sold_price": "30807.1702351834", "create_time": "2014-06-15T18:17:32.723Z", "cryptocurrency_bought": 1, "bought_price": "0.0000324599757902446", "commission_id": 37}}, {"pk": 38, "model": "wallet.history", "fields": {"purchaser": null, "cryptocurrency_sold": 3, "amount_sold": "300", "executed_time": null, "amount_bought": "0.009936", "seller": 4, "sold_price": "30193.2367149758", "create_time": "2014-06-15T18:17:32.733Z", "cryptocurrency_bought": 1, "bought_price": "0.00003312", "commission_id": 38}}, {"pk": 39, "model": "wallet.history", "fields": {"purchaser": null, "cryptocurrency_sold": 3, "amount_sold": "2075.64825989", "executed_time": null, "amount_bought": "0.07032296", "seller": 4, "sold_price": "29515.9398849252", "create_time": "2014-06-15T18:17:32.744Z", "cryptocurrency_bought": 1, "bought_price": "0.0000338799985329532", "commission_id": 39}}, {"pk": 40, "model": "wallet.history", "fields": {"purchaser": null, "cryptocurrency_sold": 3, "amount_sold": "3.00120048", "executed_time": null, "amount_bought": "0.00010249", "seller": 4, "sold_price": "29282.861547468", "create_time": "2014-06-15T18:17:32.754Z", "cryptocurrency_bought": 1, "bought_price": "0.0000341496680021856", "commission_id": 40}}, {"pk": 41, "model": "wallet.history", "fields": {"purchaser": null, "cryptocurrency_sold": 1, "amount_sold": "0.00229369", "executed_time": null, "amount_bought": "95.57052837", "seller": 2, "sold_price": "0.0000239999719486745", "create_time": "2014-06-15T18:17:48.730Z", "cryptocurrency_bought": 3, "bought_price": "41666.7153669415", "commission_id": 41}}, {"pk": 42, "model": "wallet.history", "fields": {"purchaser": null, "cryptocurrency_sold": 1, "amount_sold": "0.0119", "executed_time": null, "amount_bought": "500", "seller": 2, "sold_price": "0.0000238", "create_time": "2014-06-15T18:17:48.742Z", "cryptocurrency_bought": 3, "bought_price": "42016.8067226891", "commission_id": 42}}, {"pk": 43, "model": "wallet.history", "fields": {"purchaser": null, "cryptocurrency_sold": 1, "amount_sold": "2.7E-7", "executed_time": null, "amount_bought": "0.01136775", "seller": 2, "sold_price": "0.0000237514019924787", "create_time": "2014-06-15T18:17:48.755Z", "cryptocurrency_bought": 3, "bought_price": "42102.7777777778", "commission_id": 43}}, {"pk": 44, "model": "wallet.history", "fields": {"purchaser": null, "cryptocurrency_sold": 1, "amount_sold": "3.0E-7", "executed_time": null, "amount_bought": "0.01295047", "seller": 2, "sold_price": "0.0000231651824219507", "create_time": "2014-06-15T18:17:48.767Z", "cryptocurrency_bought": 3, "bought_price": "43168.2333333333", "commission_id": 44}}, {"pk": 45, "model": "wallet.history", "fields": {"purchaser": null, "cryptocurrency_sold": 1, "amount_sold": "1.4E-7", "executed_time": null, "amount_bought": "0.00582539", "seller": 2, "sold_price": "0.0000240327257059184", "create_time": "2014-06-15T18:17:48.779Z", "cryptocurrency_bought": 3, "bought_price": "41609.9285714286", "commission_id": 45}}, {"pk": 46, "model": "wallet.history", "fields": {"purchaser": null, "cryptocurrency_sold": 1, "amount_sold": "1.4E-7", "executed_time": null, "amount_bought": "0.00588621", "seller": 2, "sold_price": "0.0000237844045659261", "create_time": "2014-06-15T18:17:48.791Z", "cryptocurrency_bought": 3, "bought_price": "42044.3571428571", "commission_id": 46}}, {"pk": 47, "model": "wallet.history", "fields": {"purchaser": null, "cryptocurrency_sold": 1, "amount_sold": "6.1E-7", "executed_time": null, "amount_bought": "0.02679008", "seller": 2, "sold_price": "0.0000227696221885116", "create_time": "2014-06-15T18:17:48.804Z", "cryptocurrency_bought": 3, "bought_price": "43918.1639344262", "commission_id": 47}}, {"pk": 48, "model": "wallet.history", "fields": {"purchaser": null, "cryptocurrency_sold": 1, "amount_sold": "2.4E-7", "executed_time": null, "amount_bought": "0.01055427", "seller": 2, "sold_price": "0.0000227396115505857", "create_time": "2014-06-15T18:17:48.817Z", "cryptocurrency_bought": 3, "bought_price": "43976.125", "commission_id": 48}}, {"pk": 49, "model": "wallet.history", "fields": {"purchaser": null, "cryptocurrency_sold": 1, "amount_sold": "0.11245", "executed_time": null, "amount_bought": "5000", "seller": 2, "sold_price": "0.00002249", "create_time": "2014-06-15T18:17:48.829Z", "cryptocurrency_bought": 3, "bought_price": "44464.2063139173", "commission_id": 49}}, {"pk": 50, "model": "wallet.history", "fields": {"purchaser": null, "cryptocurrency_sold": 1, "amount_sold": "0.030105", "executed_time": null, "amount_bought": "1350", "seller": 2, "sold_price": "0.0000223", "create_time": "2014-06-15T18:17:48.841Z", "cryptocurrency_bought": 3, "bought_price": "44843.0493273543", "commission_id": 50}}, {"pk": 51, "model": "wallet.history", "fields": {"purchaser": null, "cryptocurrency_sold": 1, "amount_sold": "0.00298212", "executed_time": null, "amount_bought": "134.87649983", "seller": 2, "sold_price": "0.0000221100043651689", "create_time": "2014-06-15T18:17:48.853Z", "cryptocurrency_bought": 3, "bought_price": "45228.394507934", "commission_id": 51}}, {"pk": 52, "model": "wallet.history", "fields": {"purchaser": null, "cryptocurrency_sold": 1, "amount_sold": "0.02739463", "executed_time": null, "amount_bought": "1253.75894463", "seller": 2, "sold_price": "0.0000218499976549196", "create_time": "2014-06-15T18:17:48.865Z", "cryptocurrency_bought": 3, "bought_price": "45766.5953009769", "commission_id": 52}}, {"pk": 53, "model": "wallet.history", "fields": {"purchaser": null, "cryptocurrency_sold": 1, "amount_sold": "0.02167", "executed_time": null, "amount_bought": "1000", "seller": 2, "sold_price": "0.00002167", "create_time": "2014-06-15T18:17:48.877Z", "cryptocurrency_bought": 3, "bought_price": "46146.7466543609", "commission_id": 53}}, {"pk": 54, "model": "wallet.history", "fields": {"purchaser": null, "cryptocurrency_sold": 1, "amount_sold": "0.18091711", "executed_time": null, "amount_bought": "8611", "seller": 2, "sold_price": "0.00002101", "create_time": "2014-06-15T18:17:48.890Z", "cryptocurrency_bought": 3, "bought_price": "47596.3826749167", "commission_id": 54}}, {"pk": 55, "model": "wallet.history", "fields": {"purchaser": null, "cryptocurrency_sold": 1, "amount_sold": "0.02228666", "executed_time": null, "amount_bought": "1111", "seller": 2, "sold_price": "0.00002006", "create_time": "2014-06-15T18:17:48.902Z", "cryptocurrency_bought": 3, "bought_price": "49850.4486540379", "commission_id": 55}}, {"pk": 56, "model": "wallet.history", "fields": {"purchaser": null, "cryptocurrency_sold": 1, "amount_sold": "0.147075", "executed_time": null, "amount_bought": "7500", "seller": 2, "sold_price": "0.00001961", "create_time": "2014-06-15T18:17:48.915Z", "cryptocurrency_bought": 3, "bought_price": "50994.3906170321", "commission_id": 56}}, {"pk": 57, "model": "wallet.history", "fields": {"purchaser": 5, "cryptocurrency_sold": 1, "amount_sold": "0.00001016", "executed_time": "2014-06-15T18:28:37.913Z", "amount_bought": "0.55667423", "seller": 2, "sold_price": "0.0000182512490294368", "create_time": "2014-06-15T18:17:48.928Z", "cryptocurrency_bought": 3, "bought_price": "54790.7706692913", "commission_id": null}}, {"pk": 58, "model": "wallet.history", "fields": {"purchaser": null, "cryptocurrency_sold": 1, "amount_sold": "0.01702", "executed_time": null, "amount_bought": "1000", "seller": 2, "sold_price": "0.00001702", "create_time": "2014-06-15T18:17:48.940Z", "cryptocurrency_bought": 3, "bought_price": "58754.4065804936", "commission_id": 58}}, {"pk": 59, "model": "wallet.history", "fields": {"purchaser": null, "cryptocurrency_sold": 1, "amount_sold": "0.01641", "executed_time": null, "amount_bought": "1000", "seller": 2, "sold_price": "0.00001641", "create_time": "2014-06-15T18:17:48.952Z", "cryptocurrency_bought": 3, "bought_price": "60938.4521633151", "commission_id": 59}}, {"pk": 60, "model": "wallet.history", "fields": {"purchaser": null, "cryptocurrency_sold": 1, "amount_sold": "0.00394025", "executed_time": null, "amount_bought": "250.81154529", "seller": 2, "sold_price": "0.0000157100024859067", "create_time": "2014-06-15T18:17:48.964Z", "cryptocurrency_bought": 3, "bought_price": "63653.7136704524", "commission_id": 60}}, {"pk": 61, "model": "wallet.history", "fields": {"purchaser": null, "cryptocurrency_sold": 3, "amount_sold": "0.03843672", "executed_time": null, "amount_bought": "9.6E-7", "seller": 2, "sold_price": "40038.25", "create_time": "2014-06-15T18:17:48.976Z", "cryptocurrency_bought": 1, "bought_price": "0.0000249761165885122", "commission_id": 61}}, {"pk": 62, "model": "wallet.history", "fields": {"purchaser": null, "cryptocurrency_sold": 3, "amount_sold": "0.01573827", "executed_time": null, "amount_bought": "3.9E-7", "seller": 2, "sold_price": "40354.5384615385", "create_time": "2014-06-15T18:17:48.986Z", "cryptocurrency_bought": 1, "bought_price": "0.0000247803602301905", "commission_id": 62}}, {"pk": 63, "model": "wallet.history", "fields": {"purchaser": null, "cryptocurrency_sold": 3, "amount_sold": "0.27205707", "executed_time": null, "amount_bought": "0.00000697", "seller": 2, "sold_price": "39032.5781922525", "create_time": "2014-06-15T18:17:48.997Z", "cryptocurrency_bought": 1, "bought_price": "0.0000256196245883263", "commission_id": 63}}, {"pk": 64, "model": "wallet.history", "fields": {"purchaser": null, "cryptocurrency_sold": 3, "amount_sold": "0.02075825", "executed_time": null, "amount_bought": "5.5E-7", "seller": 2, "sold_price": "37742.2727272727", "create_time": "2014-06-15T18:17:49.007Z", "cryptocurrency_bought": 1, "bought_price": "0.0000264954897450411", "commission_id": 64}}, {"pk": 65, "model": "wallet.history", "fields": {"purchaser": null, "cryptocurrency_sold": 3, "amount_sold": "1000", "executed_time": null, "amount_bought": "0.02663", "seller": 2, "sold_price": "37551.6334960571", "create_time": "2014-06-15T18:17:49.018Z", "cryptocurrency_bought": 1, "bought_price": "0.00002663", "commission_id": 65}}, {"pk": 66, "model": "wallet.history", "fields": {"purchaser": null, "cryptocurrency_sold": 3, "amount_sold": "0.009507", "executed_time": null, "amount_bought": "2.5E-7", "seller": 2, "sold_price": "38028", "create_time": "2014-06-15T18:17:49.028Z", "cryptocurrency_bought": 1, "bought_price": "0.0000262964131692437", "commission_id": 66}}, {"pk": 67, "model": "wallet.history", "fields": {"purchaser": null, "cryptocurrency_sold": 3, "amount_sold": "0.01635238", "executed_time": null, "amount_bought": "4.4E-7", "seller": 2, "sold_price": "37164.5", "create_time": "2014-06-15T18:17:49.039Z", "cryptocurrency_bought": 1, "bought_price": "0.0000269073981891321", "commission_id": 67}}, {"pk": 68, "model": "wallet.history", "fields": {"purchaser": null, "cryptocurrency_sold": 3, "amount_sold": "75", "executed_time": null, "amount_bought": "0.0020685", "seller": 2, "sold_price": "36258.1580855693", "create_time": "2014-06-15T18:17:49.048Z", "cryptocurrency_bought": 1, "bought_price": "0.00002758", "commission_id": 68}}, {"pk": 69, "model": "wallet.history", "fields": {"purchaser": null, "cryptocurrency_sold": 3, "amount_sold": "29.18017484", "executed_time": null, "amount_bought": "0.00080946", "seller": 2, "sold_price": "36048.9398364342", "create_time": "2014-06-15T18:17:49.059Z", "cryptocurrency_bought": 1, "bought_price": "0.0000277400668240821", "commission_id": 69}}, {"pk": 70, "model": "wallet.history", "fields": {"purchaser": null, "cryptocurrency_sold": 3, "amount_sold": "0.00445008", "executed_time": null, "amount_bought": "1.2E-7", "seller": 2, "sold_price": "37084", "create_time": "2014-06-15T18:17:49.069Z", "cryptocurrency_bought": 1, "bought_price": "0.0000269658073562723", "commission_id": 70}}, {"pk": 71, "model": "wallet.history", "fields": {"purchaser": null, "cryptocurrency_sold": 3, "amount_sold": "10", "executed_time": null, "amount_bought": "0.000285", "seller": 2, "sold_price": "35087.7192982456", "create_time": "2014-06-15T18:17:49.079Z", "cryptocurrency_bought": 1, "bought_price": "0.0000285", "commission_id": 71}}, {"pk": 72, "model": "wallet.history", "fields": {"purchaser": null, "cryptocurrency_sold": 3, "amount_sold": "500", "executed_time": null, "amount_bought": "0.014655", "seller": 2, "sold_price": "34118.0484476288", "create_time": "2014-06-15T18:17:49.089Z", "cryptocurrency_bought": 1, "bought_price": "0.00002931", "commission_id": 72}}, {"pk": 73, "model": "wallet.history", "fields": {"purchaser": null, "cryptocurrency_sold": 3, "amount_sold": "44", "executed_time": null, "amount_bought": "0.00131912", "seller": 2, "sold_price": "33355.5703802535", "create_time": "2014-06-15T18:17:49.099Z", "cryptocurrency_bought": 1, "bought_price": "0.00002998", "commission_id": 73}}, {"pk": 74, "model": "wallet.history", "fields": {"purchaser": null, "cryptocurrency_sold": 3, "amount_sold": "28.07814625", "executed_time": null, "amount_bought": "0.00085638", "seller": 2, "sold_price": "32787.017737453", "create_time": "2014-06-15T18:17:49.110Z", "cryptocurrency_bought": 1, "bought_price": "0.0000304998767502324", "commission_id": 74}}, {"pk": 75, "model": "wallet.history", "fields": {"purchaser": null, "cryptocurrency_sold": 3, "amount_sold": "150", "executed_time": null, "amount_bought": "0.004686", "seller": 2, "sold_price": "32010.2432778489", "create_time": "2014-06-15T18:17:49.120Z", "cryptocurrency_bought": 1, "bought_price": "0.00003124", "commission_id": 75}}, {"pk": 76, "model": "wallet.history", "fields": {"purchaser": null, "cryptocurrency_sold": 3, "amount_sold": "1535.236334", "executed_time": null, "amount_bought": "0.04912756", "seller": 2, "sold_price": "31250.0017098346", "create_time": "2014-06-15T18:17:49.130Z", "cryptocurrency_bought": 1, "bought_price": "0.0000319999982491295", "commission_id": 76}}, {"pk": 77, "model": "wallet.history", "fields": {"purchaser": null, "cryptocurrency_sold": 3, "amount_sold": "200", "executed_time": null, "amount_bought": "0.00653", "seller": 2, "sold_price": "30627.8713629403", "create_time": "2014-06-15T18:17:49.141Z", "cryptocurrency_bought": 1, "bought_price": "0.00003265", "commission_id": 77}}, {"pk": 78, "model": "wallet.history", "fields": {"purchaser": null, "cryptocurrency_sold": 3, "amount_sold": "0.9058", "executed_time": null, "amount_bought": "0.00003019", "seller": 2, "sold_price": "30003.3123550845", "create_time": "2014-06-15T18:17:49.151Z", "cryptocurrency_bought": 1, "bought_price": "0.0000333296533451093", "commission_id": 78}}, {"pk": 79, "model": "wallet.history", "fields": {"purchaser": null, "cryptocurrency_sold": 3, "amount_sold": "2382.71803646", "executed_time": null, "amount_bought": "0.08101241", "seller": 2, "sold_price": "29411.765882042", "create_time": "2014-06-15T18:17:49.161Z", "cryptocurrency_bought": 1, "bought_price": "0.0000339999986403595", "commission_id": 79}}, {"pk": 80, "model": "wallet.history", "fields": {"purchaser": null, "cryptocurrency_sold": 3, "amount_sold": "250", "executed_time": null, "amount_bought": "0.0086025", "seller": 2, "sold_price": "29061.3193839", "create_time": "2014-06-15T18:17:49.172Z", "cryptocurrency_bought": 1, "bought_price": "0.00003441", "commission_id": 80}}, {"pk": 81, "model": "wallet.history", "fields": {"purchaser": null, "cryptocurrency_sold": 1, "amount_sold": "0.00289595", "executed_time": null, "amount_bought": "118.15364928", "seller": 6, "sold_price": "0.000024510034329428", "create_time": "2014-06-15T18:18:11.078Z", "cryptocurrency_bought": 3, "bought_price": "40799.6164574665", "commission_id": 81}}, {"pk": 82, "model": "wallet.history", "fields": {"purchaser": null, "cryptocurrency_sold": 1, "amount_sold": "2.0E-7", "executed_time": null, "amount_bought": "0.00831675", "seller": 6, "sold_price": "0.0000240478552319115", "create_time": "2014-06-15T18:18:11.090Z", "cryptocurrency_bought": 3, "bought_price": "41583.75", "commission_id": 82}}, {"pk": 83, "model": "wallet.history", "fields": {"purchaser": null, "cryptocurrency_sold": 1, "amount_sold": "4.7E-7", "executed_time": null, "amount_bought": "0.0196803", "seller": 6, "sold_price": "0.0000238817497700746", "create_time": "2014-06-15T18:18:11.103Z", "cryptocurrency_bought": 3, "bought_price": "41872.9787234043", "commission_id": 83}}, {"pk": 84, "model": "wallet.history", "fields": {"purchaser": null, "cryptocurrency_sold": 1, "amount_sold": "1.7E-7", "executed_time": null, "amount_bought": "0.00713206", "seller": 6, "sold_price": "0.00002383603054377", "create_time": "2014-06-15T18:18:11.116Z", "cryptocurrency_bought": 3, "bought_price": "41953.2941176471", "commission_id": 84}}, {"pk": 85, "model": "wallet.history", "fields": {"purchaser": null, "cryptocurrency_sold": 1, "amount_sold": "1.3E-7", "executed_time": null, "amount_bought": "0.00577676", "seller": 6, "sold_price": "0.0000225039641598405", "create_time": "2014-06-15T18:18:11.129Z", "cryptocurrency_bought": 3, "bought_price": "44436.6153846154", "commission_id": 85}}, {"pk": 86, "model": "wallet.history", "fields": {"purchaser": 3, "cryptocurrency_sold": 1, "amount_sold": "2.7E-7", "executed_time": "2014-06-15T18:24:32.203Z", "amount_bought": "0.01170124", "seller": 6, "sold_price": "0.0000230744775767355", "create_time": "2014-06-15T18:18:11.142Z", "cryptocurrency_bought": 3, "bought_price": "43337.9259259259", "commission_id": null}}, {"pk": 87, "model": "wallet.history", "fields": {"purchaser": null, "cryptocurrency_sold": 1, "amount_sold": "0.06532", "executed_time": null, "amount_bought": "2840", "seller": 6, "sold_price": "0.000023", "create_time": "2014-06-15T18:18:11.156Z", "cryptocurrency_bought": 3, "bought_price": "43478.2608695652", "commission_id": 87}}, {"pk": 88, "model": "wallet.history", "fields": {"purchaser": null, "cryptocurrency_sold": 1, "amount_sold": "0.00015961", "executed_time": null, "amount_bought": "7.00331651", "seller": 6, "sold_price": "0.0000227906306636425", "create_time": "2014-06-15T18:18:11.169Z", "cryptocurrency_bought": 3, "bought_price": "43877.6800325794", "commission_id": 88}}, {"pk": 89, "model": "wallet.history", "fields": {"purchaser": null, "cryptocurrency_sold": 1, "amount_sold": "0.0452", "executed_time": null, "amount_bought": "2000", "seller": 6, "sold_price": "0.0000226", "create_time": "2014-06-15T18:18:11.182Z", "cryptocurrency_bought": 3, "bought_price": "44247.7876106195", "commission_id": 89}}, {"pk": 90, "model": "wallet.history", "fields": {"purchaser": null, "cryptocurrency_sold": 1, "amount_sold": "3.8E-7", "executed_time": null, "amount_bought": "0.01682612", "seller": 6, "sold_price": "0.0000225839349772853", "create_time": "2014-06-15T18:18:11.195Z", "cryptocurrency_bought": 3, "bought_price": "44279.2631578948", "commission_id": 90}}, {"pk": 91, "model": "wallet.history", "fields": {"purchaser": null, "cryptocurrency_sold": 1, "amount_sold": "0.011125", "executed_time": null, "amount_bought": "500", "seller": 6, "sold_price": "0.00002225", "create_time": "2014-06-15T18:18:11.207Z", "cryptocurrency_bought": 3, "bought_price": "44943.8202247191", "commission_id": 91}}, {"pk": 92, "model": "wallet.history", "fields": {"purchaser": 2, "cryptocurrency_sold": 1, "amount_sold": "0.0221", "executed_time": "2014-06-15T18:25:50.306Z", "amount_bought": "1000", "seller": 6, "sold_price": "0.0000221", "create_time": "2014-06-15T18:18:11.219Z", "cryptocurrency_bought": 3, "bought_price": "45248.8687782806", "commission_id": null}}, {"pk": 93, "model": "wallet.history", "fields": {"purchaser": null, "cryptocurrency_sold": 1, "amount_sold": "0.0048048", "executed_time": null, "amount_bought": "220", "seller": 6, "sold_price": "0.00002184", "create_time": "2014-06-15T18:18:11.232Z", "cryptocurrency_bought": 3, "bought_price": "45787.5457875458", "commission_id": 93}}, {"pk": 94, "model": "wallet.history", "fields": {"purchaser": null, "cryptocurrency_sold": 1, "amount_sold": "0.00027882", "executed_time": null, "amount_bought": "13.01077535", "seller": 6, "sold_price": "0.0000214299296159933", "create_time": "2014-06-15T18:18:11.245Z", "cryptocurrency_bought": 3, "bought_price": "46663.7090237429", "commission_id": 94}}, {"pk": 95, "model": "wallet.history", "fields": {"purchaser": null, "cryptocurrency_sold": 1, "amount_sold": "0.00006187", "executed_time": null, "amount_bought": "2.95481432", "seller": 6, "sold_price": "0.0000209387099491247", "create_time": "2014-06-15T18:18:11.258Z", "cryptocurrency_bought": 3, "bought_price": "47758.4341360918", "commission_id": 95}}, {"pk": 96, "model": "wallet.history", "fields": {"purchaser": null, "cryptocurrency_sold": 1, "amount_sold": "0.00650508", "executed_time": null, "amount_bought": "324.44299479", "seller": 6, "sold_price": "0.0000200499936952268", "create_time": "2014-06-15T18:18:11.271Z", "cryptocurrency_bought": 3, "bought_price": "49875.3274041211", "commission_id": 96}}, {"pk": 97, "model": "wallet.history", "fields": {"purchaser": 3, "cryptocurrency_sold": 1, "amount_sold": "0.0001", "executed_time": "2014-06-15T18:24:14.831Z", "amount_bought": "5.11247444", "seller": 6, "sold_price": "0.0000195599999909242", "create_time": "2014-06-15T18:18:11.283Z", "cryptocurrency_bought": 3, "bought_price": "51124.7444", "commission_id": null}}, {"pk": 98, "model": "wallet.history", "fields": {"purchaser": 3, "cryptocurrency_sold": 1, "amount_sold": "0.0018", "executed_time": "2014-06-15T18:24:01.301Z", "amount_bought": "100", "seller": 6, "sold_price": "0.000018", "create_time": "2014-06-15T18:18:11.296Z", "cryptocurrency_bought": 3, "bought_price": "55555.5555555556", "commission_id": null}}, {"pk": 99, "model": "wallet.history", "fields": {"purchaser": 3, "cryptocurrency_sold": 1, "amount_sold": "0.0250047", "executed_time": "2014-06-15T18:23:50.276Z", "amount_bought": "1470", "seller": 6, "sold_price": "0.00001701", "create_time": "2014-06-15T18:18:11.309Z", "cryptocurrency_bought": 3, "bought_price": "58788.9476778366", "commission_id": null}}, {"pk": 100, "model": "wallet.history", "fields": {"purchaser": null, "cryptocurrency_sold": 1, "amount_sold": "0.00001458", "executed_time": null, "amount_bought": "0.9010344", "seller": 6, "sold_price": "0.0000161814021751001", "create_time": "2014-06-15T18:18:11.321Z", "cryptocurrency_bought": 3, "bought_price": "61799.341563786", "commission_id": 100}}, {"pk": 101, "model": "wallet.history", "fields": {"purchaser": 2, "cryptocurrency_sold": 3, "amount_sold": "178.92148687", "executed_time": "2014-06-15T18:26:24.357Z", "amount_bought": "0.0042297", "seller": 6, "sold_price": "42301.2239331395", "create_time": "2014-06-15T18:18:11.333Z", "cryptocurrency_bought": 1, "bought_price": "0.0000236399779254752", "commission_id": null}}, {"pk": 102, "model": "wallet.history", "fields": {"purchaser": null, "cryptocurrency_sold": 3, "amount_sold": "100", "executed_time": null, "amount_bought": "0.002494", "seller": 6, "sold_price": "40096.2309542903", "create_time": "2014-06-15T18:18:11.344Z", "cryptocurrency_bought": 1, "bought_price": "0.00002494", "commission_id": 102}}, {"pk": 103, "model": "wallet.history", "fields": {"purchaser": null, "cryptocurrency_sold": 3, "amount_sold": "391.62424362", "executed_time": null, "amount_bought": "0.00982977", "seller": 6, "sold_price": "39840.6314308473", "create_time": "2014-06-15T18:18:11.355Z", "cryptocurrency_bought": 1, "bought_price": "0.0000251000037922525", "commission_id": 103}}, {"pk": 104, "model": "wallet.history", "fields": {"purchaser": null, "cryptocurrency_sold": 3, "amount_sold": "0.03886162", "executed_time": null, "amount_bought": "0.00000101", "seller": 6, "sold_price": "38476.8514851485", "create_time": "2014-06-15T18:18:11.365Z", "cryptocurrency_bought": 1, "bought_price": "0.0000259896525157726", "commission_id": 104}}, {"pk": 105, "model": "wallet.history", "fields": {"purchaser": null, "cryptocurrency_sold": 3, "amount_sold": "88.08790177", "executed_time": null, "amount_bought": "0.002322", "seller": 6, "sold_price": "37936.2195391904", "create_time": "2014-06-15T18:18:11.375Z", "cryptocurrency_bought": 1, "bought_price": "0.0000263600330277228", "commission_id": 105}}, {"pk": 106, "model": "wallet.history", "fields": {"purchaser": null, "cryptocurrency_sold": 3, "amount_sold": "0.00598206", "executed_time": null, "amount_bought": "1.6E-7", "seller": 6, "sold_price": "37387.875", "create_time": "2014-06-15T18:18:11.385Z", "cryptocurrency_bought": 1, "bought_price": "0.0000267466391176284", "commission_id": 106}}, {"pk": 107, "model": "wallet.history", "fields": {"purchaser": null, "cryptocurrency_sold": 3, "amount_sold": "139.84242379", "executed_time": null, "amount_bought": "0.00374638", "seller": 6, "sold_price": "37327.3463423358", "create_time": "2014-06-15T18:18:11.396Z", "cryptocurrency_bought": 1, "bought_price": "0.0000267900104879897", "commission_id": 107}}, {"pk": 108, "model": "wallet.history", "fields": {"purchaser": null, "cryptocurrency_sold": 3, "amount_sold": "4.71698113", "executed_time": null, "amount_bought": "0.00012792", "seller": 6, "sold_price": "36874.4616166354", "create_time": "2014-06-15T18:18:11.406Z", "cryptocurrency_bought": 1, "bought_price": "0.0000271190400119324", "commission_id": 108}}, {"pk": 109, "model": "wallet.history", "fields": {"purchaser": null, "cryptocurrency_sold": 3, "amount_sold": "0.01019072", "executed_time": null, "amount_bought": "2.8E-7", "seller": 6, "sold_price": "36395.4285714286", "create_time": "2014-06-15T18:18:11.418Z", "cryptocurrency_bought": 1, "bought_price": "0.000027475978144822", "commission_id": 109}}, {"pk": 110, "model": "wallet.history", "fields": {"purchaser": null, "cryptocurrency_sold": 3, "amount_sold": "0.02128623", "executed_time": null, "amount_bought": "5.9E-7", "seller": 6, "sold_price": "36078.3559322034", "create_time": "2014-06-15T18:18:11.428Z", "cryptocurrency_bought": 1, "bought_price": "0.0000277174492617998", "commission_id": 110}}, {"pk": 111, "model": "wallet.history", "fields": {"purchaser": null, "cryptocurrency_sold": 3, "amount_sold": "100", "executed_time": null, "amount_bought": "0.0028", "seller": 6, "sold_price": "35714.2857142857", "create_time": "2014-06-15T18:18:11.439Z", "cryptocurrency_bought": 1, "bought_price": "0.000028", "commission_id": 111}}, {"pk": 112, "model": "wallet.history", "fields": {"purchaser": null, "cryptocurrency_sold": 3, "amount_sold": "1597", "executed_time": null, "amount_bought": "0.04575405", "seller": 6, "sold_price": "34904.0139616056", "create_time": "2014-06-15T18:18:11.450Z", "cryptocurrency_bought": 1, "bought_price": "0.00002865", "commission_id": 112}}, {"pk": 113, "model": "wallet.history", "fields": {"purchaser": null, "cryptocurrency_sold": 3, "amount_sold": "57.73721071", "executed_time": null, "amount_bought": "0.00169459", "seller": 6, "sold_price": "34071.4926383373", "create_time": "2014-06-15T18:18:11.460Z", "cryptocurrency_bought": 1, "bought_price": "0.0000293500496328358", "commission_id": 113}}, {"pk": 114, "model": "wallet.history", "fields": {"purchaser": null, "cryptocurrency_sold": 3, "amount_sold": "1535.86539631", "executed_time": null, "amount_bought": "0.04607596", "seller": 6, "sold_price": "33333.3347001343", "create_time": "2014-06-15T18:18:11.471Z", "cryptocurrency_bought": 1, "bought_price": "0.0000299999987698792", "commission_id": 114}}, {"pk": 115, "model": "wallet.history", "fields": {"purchaser": 5, "cryptocurrency_sold": 3, "amount_sold": "22.83347915", "executed_time": "2014-06-15T18:28:41.999Z", "amount_bought": "0.00070396", "seller": 6, "sold_price": "32435.7621881925", "create_time": "2014-06-15T18:18:11.481Z", "cryptocurrency_bought": 1, "bought_price": "0.0000308301680779996", "commission_id": null}}, {"pk": 116, "model": "wallet.history", "fields": {"purchaser": 5, "cryptocurrency_sold": 3, "amount_sold": "250", "executed_time": "2014-06-15T18:28:08.842Z", "amount_bought": "0.0078525", "seller": 6, "sold_price": "31836.9945877109", "create_time": "2014-06-15T18:18:11.492Z", "cryptocurrency_bought": 1, "bought_price": "0.00003141", "commission_id": null}}, {"pk": 117, "model": "wallet.history", "fields": {"purchaser": null, "cryptocurrency_sold": 3, "amount_sold": "100", "executed_time": null, "amount_bought": "0.003221", "seller": 6, "sold_price": "31046.2589257994", "create_time": "2014-06-15T18:18:11.502Z", "cryptocurrency_bought": 1, "bought_price": "0.00003221", "commission_id": 117}}, {"pk": 118, "model": "wallet.history", "fields": {"purchaser": 5, "cryptocurrency_sold": 3, "amount_sold": "100", "executed_time": "2014-06-15T18:27:06.545Z", "amount_bought": "0.003288", "seller": 6, "sold_price": "30413.6253041363", "create_time": "2014-06-15T18:18:11.514Z", "cryptocurrency_bought": 1, "bought_price": "0.00003288", "commission_id": null}}, {"pk": 119, "model": "wallet.history", "fields": {"purchaser": null, "cryptocurrency_sold": 3, "amount_sold": "250", "executed_time": null, "amount_bought": "0.0083525", "seller": 6, "sold_price": "29931.1583358276", "create_time": "2014-06-15T18:18:11.527Z", "cryptocurrency_bought": 1, "bought_price": "0.00003341", "commission_id": 119}}, {"pk": 120, "model": "wallet.history", "fields": {"purchaser": null, "cryptocurrency_sold": 3, "amount_sold": "1000", "executed_time": null, "amount_bought": "0.03402", "seller": 6, "sold_price": "29394.4738389183", "create_time": "2014-06-15T18:18:11.548Z", "cryptocurrency_bought": 1, "bought_price": "0.00003402", "commission_id": 120}}, {"pk": 121, "model": "wallet.history", "fields": {"purchaser": 3, "cryptocurrency_sold": 1, "amount_sold": "0.00289595", "executed_time": "2014-06-15T18:23:00.792Z", "amount_bought": "118.15364928", "seller": 6, "sold_price": "0.000024510034329428", "create_time": "2014-06-15T18:18:11.569Z", "cryptocurrency_bought": 3, "bought_price": "40799.6164574665", "commission_id": null}}, {"pk": 122, "model": "wallet.history", "fields": {"purchaser": 2, "cryptocurrency_sold": 1, "amount_sold": "2.0E-7", "executed_time": "2014-06-15T18:24:55.485Z", "amount_bought": "0.00831675", "seller": 6, "sold_price": "0.0000240478552319115", "create_time": "2014-06-15T18:18:11.581Z", "cryptocurrency_bought": 3, "bought_price": "41583.75", "commission_id": null}}, {"pk": 123, "model": "wallet.history", "fields": {"purchaser": 2, "cryptocurrency_sold": 1, "amount_sold": "4.7E-7", "executed_time": "2014-06-15T18:25:04.093Z", "amount_bought": "0.0196803", "seller": 6, "sold_price": "0.0000238817497700746", "create_time": "2014-06-15T18:18:11.594Z", "cryptocurrency_bought": 3, "bought_price": "41872.9787234043", "commission_id": null}}, {"pk": 124, "model": "wallet.history", "fields": {"purchaser": 2, "cryptocurrency_sold": 1, "amount_sold": "1.7E-7", "executed_time": "2014-06-15T18:25:07.939Z", "amount_bought": "0.00713206", "seller": 6, "sold_price": "0.00002383603054377", "create_time": "2014-06-15T18:18:11.606Z", "cryptocurrency_bought": 3, "bought_price": "41953.2941176471", "commission_id": null}}, {"pk": 125, "model": "wallet.history", "fields": {"purchaser": 2, "cryptocurrency_sold": 1, "amount_sold": "1.3E-7", "executed_time": "2014-06-15T18:25:33.644Z", "amount_bought": "0.00577676", "seller": 6, "sold_price": "0.0000225039641598405", "create_time": "2014-06-15T18:18:11.618Z", "cryptocurrency_bought": 3, "bought_price": "44436.6153846154", "commission_id": null}}, {"pk": 126, "model": "wallet.history", "fields": {"purchaser": null, "cryptocurrency_sold": 1, "amount_sold": "2.7E-7", "executed_time": null, "amount_bought": "0.01170124", "seller": 6, "sold_price": "0.0000230744775767355", "create_time": "2014-06-15T18:18:11.631Z", "cryptocurrency_bought": 3, "bought_price": "43337.9259259259", "commission_id": 126}}, {"pk": 127, "model": "wallet.history", "fields": {"purchaser": 2, "cryptocurrency_sold": 1, "amount_sold": "0.06532", "executed_time": "2014-06-15T18:25:22.388Z", "amount_bought": "2840", "seller": 6, "sold_price": "0.000023", "create_time": "2014-06-15T18:18:11.642Z", "cryptocurrency_bought": 3, "bought_price": "43478.2608695652", "commission_id": null}}, {"pk": 128, "model": "wallet.history", "fields": {"purchaser": null, "cryptocurrency_sold": 1, "amount_sold": "0.00015961", "executed_time": null, "amount_bought": "7.00331651", "seller": 6, "sold_price": "0.0000227906306636425", "create_time": "2014-06-15T18:18:11.655Z", "cryptocurrency_bought": 3, "bought_price": "43877.6800325794", "commission_id": 128}}, {"pk": 129, "model": "wallet.history", "fields": {"purchaser": null, "cryptocurrency_sold": 1, "amount_sold": "0.0452", "executed_time": null, "amount_bought": "2000", "seller": 6, "sold_price": "0.0000226", "create_time": "2014-06-15T18:18:11.668Z", "cryptocurrency_bought": 3, "bought_price": "44247.7876106195", "commission_id": 129}}, {"pk": 130, "model": "wallet.history", "fields": {"purchaser": 2, "cryptocurrency_sold": 1, "amount_sold": "3.8E-7", "executed_time": "2014-06-15T18:25:29.517Z", "amount_bought": "0.01682612", "seller": 6, "sold_price": "0.0000225839349772853", "create_time": "2014-06-15T18:18:11.680Z", "cryptocurrency_bought": 3, "bought_price": "44279.2631578948", "commission_id": null}}, {"pk": 131, "model": "wallet.history", "fields": {"purchaser": 2, "cryptocurrency_sold": 1, "amount_sold": "0.011125", "executed_time": "2014-06-15T18:25:45.461Z", "amount_bought": "500", "seller": 6, "sold_price": "0.00002225", "create_time": "2014-06-15T18:18:11.693Z", "cryptocurrency_bought": 3, "bought_price": "44943.8202247191", "commission_id": null}}, {"pk": 132, "model": "wallet.history", "fields": {"purchaser": null, "cryptocurrency_sold": 1, "amount_sold": "0.0221", "executed_time": null, "amount_bought": "1000", "seller": 6, "sold_price": "0.0000221", "create_time": "2014-06-15T18:18:11.705Z", "cryptocurrency_bought": 3, "bought_price": "45248.8687782806", "commission_id": 132}}, {"pk": 133, "model": "wallet.history", "fields": {"purchaser": 2, "cryptocurrency_sold": 1, "amount_sold": "0.0048048", "executed_time": "2014-06-15T18:25:56.566Z", "amount_bought": "220", "seller": 6, "sold_price": "0.00002184", "create_time": "2014-06-15T18:18:11.718Z", "cryptocurrency_bought": 3, "bought_price": "45787.5457875458", "commission_id": null}}, {"pk": 134, "model": "wallet.history", "fields": {"purchaser": 2, "cryptocurrency_sold": 1, "amount_sold": "0.00027882", "executed_time": "2014-06-15T18:26:02.020Z", "amount_bought": "13.01077535", "seller": 6, "sold_price": "0.0000214299296159933", "create_time": "2014-06-15T18:18:11.730Z", "cryptocurrency_bought": 3, "bought_price": "46663.7090237429", "commission_id": null}}, {"pk": 135, "model": "wallet.history", "fields": {"purchaser": null, "cryptocurrency_sold": 1, "amount_sold": "0.00006187", "executed_time": null, "amount_bought": "2.95481432", "seller": 6, "sold_price": "0.0000209387099491247", "create_time": "2014-06-15T18:18:11.742Z", "cryptocurrency_bought": 3, "bought_price": "47758.4341360918", "commission_id": 135}}, {"pk": 136, "model": "wallet.history", "fields": {"purchaser": 2, "cryptocurrency_sold": 1, "amount_sold": "0.00650508", "executed_time": "2014-06-15T18:26:08.333Z", "amount_bought": "324.44299479", "seller": 6, "sold_price": "0.0000200499936952268", "create_time": "2014-06-15T18:18:11.755Z", "cryptocurrency_bought": 3, "bought_price": "49875.3274041211", "commission_id": null}}, {"pk": 137, "model": "wallet.history", "fields": {"purchaser": null, "cryptocurrency_sold": 1, "amount_sold": "0.0001", "executed_time": null, "amount_bought": "5.11247444", "seller": 6, "sold_price": "0.0000195599999909242", "create_time": "2014-06-15T18:18:11.767Z", "cryptocurrency_bought": 3, "bought_price": "51124.7444", "commission_id": 137}}, {"pk": 138, "model": "wallet.history", "fields": {"purchaser": null, "cryptocurrency_sold": 1, "amount_sold": "0.0018", "executed_time": null, "amount_bought": "100", "seller": 6, "sold_price": "0.000018", "create_time": "2014-06-15T18:18:11.779Z", "cryptocurrency_bought": 3, "bought_price": "55555.5555555556", "commission_id": 138}}, {"pk": 139, "model": "wallet.history", "fields": {"purchaser": null, "cryptocurrency_sold": 1, "amount_sold": "0.0250047", "executed_time": null, "amount_bought": "1470", "seller": 6, "sold_price": "0.00001701", "create_time": "2014-06-15T18:18:11.791Z", "cryptocurrency_bought": 3, "bought_price": "58788.9476778366", "commission_id": 139}}, {"pk": 140, "model": "wallet.history", "fields": {"purchaser": 3, "cryptocurrency_sold": 1, "amount_sold": "0.00001458", "executed_time": "2014-06-15T18:23:38.188Z", "amount_bought": "0.9010344", "seller": 6, "sold_price": "0.0000161814021751001", "create_time": "2014-06-15T18:18:11.803Z", "cryptocurrency_bought": 3, "bought_price": "61799.341563786", "commission_id": null}}, {"pk": 141, "model": "wallet.history", "fields": {"purchaser": null, "cryptocurrency_sold": 3, "amount_sold": "178.92148687", "executed_time": null, "amount_bought": "0.0042297", "seller": 6, "sold_price": "42301.2239331395", "create_time": "2014-06-15T18:18:11.814Z", "cryptocurrency_bought": 1, "bought_price": "0.0000236399779254752", "commission_id": 141}}, {"pk": 142, "model": "wallet.history", "fields": {"purchaser": 2, "cryptocurrency_sold": 3, "amount_sold": "100", "executed_time": "2014-06-15T18:26:28.219Z", "amount_bought": "0.002494", "seller": 6, "sold_price": "40096.2309542903", "create_time": "2014-06-15T18:18:11.824Z", "cryptocurrency_bought": 1, "bought_price": "0.00002494", "commission_id": null}}, {"pk": 143, "model": "wallet.history", "fields": {"purchaser": 2, "cryptocurrency_sold": 3, "amount_sold": "391.62424362", "executed_time": "2014-06-15T18:26:33.997Z", "amount_bought": "0.00982977", "seller": 6, "sold_price": "39840.6314308473", "create_time": "2014-06-15T18:18:11.834Z", "cryptocurrency_bought": 1, "bought_price": "0.0000251000037922525", "commission_id": null}}, {"pk": 144, "model": "wallet.history", "fields": {"purchaser": 2, "cryptocurrency_sold": 3, "amount_sold": "0.03886162", "executed_time": "2014-06-15T18:26:38.396Z", "amount_bought": "0.00000101", "seller": 6, "sold_price": "38476.8514851485", "create_time": "2014-06-15T18:18:11.844Z", "cryptocurrency_bought": 1, "bought_price": "0.0000259896525157726", "commission_id": null}}, {"pk": 145, "model": "wallet.history", "fields": {"purchaser": 2, "cryptocurrency_sold": 3, "amount_sold": "88.08790177", "executed_time": "2014-06-15T18:26:44.268Z", "amount_bought": "0.002322", "seller": 6, "sold_price": "37936.2195391904", "create_time": "2014-06-15T18:18:11.855Z", "cryptocurrency_bought": 1, "bought_price": "0.0000263600330277228", "commission_id": null}}, {"pk": 146, "model": "wallet.history", "fields": {"purchaser": 5, "cryptocurrency_sold": 3, "amount_sold": "0.00598206", "executed_time": "2014-06-15T18:27:26.077Z", "amount_bought": "1.6E-7", "seller": 6, "sold_price": "37387.875", "create_time": "2014-06-15T18:18:11.865Z", "cryptocurrency_bought": 1, "bought_price": "0.0000267466391176284", "commission_id": null}}, {"pk": 147, "model": "wallet.history", "fields": {"purchaser": null, "cryptocurrency_sold": 3, "amount_sold": "139.84242379", "executed_time": null, "amount_bought": "0.00374638", "seller": 6, "sold_price": "37327.3463423358", "create_time": "2014-06-15T18:18:11.876Z", "cryptocurrency_bought": 1, "bought_price": "0.0000267900104879897", "commission_id": 147}}, {"pk": 148, "model": "wallet.history", "fields": {"purchaser": 5, "cryptocurrency_sold": 3, "amount_sold": "4.71698113", "executed_time": "2014-06-15T18:27:34.618Z", "amount_bought": "0.00012792", "seller": 6, "sold_price": "36874.4616166354", "create_time": "2014-06-15T18:18:11.886Z", "cryptocurrency_bought": 1, "bought_price": "0.0000271190400119324", "commission_id": null}}, {"pk": 149, "model": "wallet.history", "fields": {"purchaser": 5, "cryptocurrency_sold": 3, "amount_sold": "0.01019072", "executed_time": "2014-06-15T18:27:37.483Z", "amount_bought": "2.8E-7", "seller": 6, "sold_price": "36395.4285714286", "create_time": "2014-06-15T18:18:11.896Z", "cryptocurrency_bought": 1, "bought_price": "0.000027475978144822", "commission_id": null}}, {"pk": 150, "model": "wallet.history", "fields": {"purchaser": 5, "cryptocurrency_sold": 3, "amount_sold": "0.02128623", "executed_time": "2014-06-15T18:27:41.442Z", "amount_bought": "5.9E-7", "seller": 6, "sold_price": "36078.3559322034", "create_time": "2014-06-15T18:18:11.906Z", "cryptocurrency_bought": 1, "bought_price": "0.0000277174492617998", "commission_id": null}}, {"pk": 151, "model": "wallet.history", "fields": {"purchaser": 5, "cryptocurrency_sold": 3, "amount_sold": "100", "executed_time": "2014-06-15T18:27:46.563Z", "amount_bought": "0.0028", "seller": 6, "sold_price": "35714.2857142857", "create_time": "2014-06-15T18:18:11.916Z", "cryptocurrency_bought": 1, "bought_price": "0.000028", "commission_id": null}}, {"pk": 152, "model": "wallet.history", "fields": {"purchaser": 5, "cryptocurrency_sold": 3, "amount_sold": "1597", "executed_time": "2014-06-15T18:27:50.196Z", "amount_bought": "0.04575405", "seller": 6, "sold_price": "34904.0139616056", "create_time": "2014-06-15T18:18:11.926Z", "cryptocurrency_bought": 1, "bought_price": "0.00002865", "commission_id": null}}, {"pk": 153, "model": "wallet.history", "fields": {"purchaser": null, "cryptocurrency_sold": 3, "amount_sold": "57.73721071", "executed_time": null, "amount_bought": "0.00169459", "seller": 6, "sold_price": "34071.4926383373", "create_time": "2014-06-15T18:18:11.937Z", "cryptocurrency_bought": 1, "bought_price": "0.0000293500496328358", "commission_id": 153}}, {"pk": 154, "model": "wallet.history", "fields": {"purchaser": 5, "cryptocurrency_sold": 3, "amount_sold": "1535.86539631", "executed_time": "2014-06-15T18:27:59.584Z", "amount_bought": "0.04607596", "seller": 6, "sold_price": "33333.3347001343", "create_time": "2014-06-15T18:18:11.947Z", "cryptocurrency_bought": 1, "bought_price": "0.0000299999987698792", "commission_id": null}}, {"pk": 155, "model": "wallet.history", "fields": {"purchaser": 5, "cryptocurrency_sold": 3, "amount_sold": "22.83347915", "executed_time": "2014-06-15T18:28:04.739Z", "amount_bought": "0.00070396", "seller": 6, "sold_price": "32435.7621881925", "create_time": "2014-06-15T18:18:11.957Z", "cryptocurrency_bought": 1, "bought_price": "0.0000308301680779996", "commission_id": null}}, {"pk": 156, "model": "wallet.history", "fields": {"purchaser": 5, "cryptocurrency_sold": 3, "amount_sold": "250", "executed_time": "2014-06-15T18:28:10.105Z", "amount_bought": "0.0078525", "seller": 6, "sold_price": "31836.9945877109", "create_time": "2014-06-15T18:18:11.967Z", "cryptocurrency_bought": 1, "bought_price": "0.00003141", "commission_id": null}}, {"pk": 157, "model": "wallet.history", "fields": {"purchaser": 5, "cryptocurrency_sold": 3, "amount_sold": "100", "executed_time": "2014-06-15T18:27:09.234Z", "amount_bought": "0.003221", "seller": 6, "sold_price": "31046.2589257994", "create_time": "2014-06-15T18:18:11.977Z", "cryptocurrency_bought": 1, "bought_price": "0.00003221", "commission_id": null}}, {"pk": 158, "model": "wallet.history", "fields": {"purchaser": null, "cryptocurrency_sold": 3, "amount_sold": "100", "executed_time": null, "amount_bought": "0.003288", "seller": 6, "sold_price": "30413.6253041363", "create_time": "2014-06-15T18:18:11.987Z", "cryptocurrency_bought": 1, "bought_price": "0.00003288", "commission_id": 158}}, {"pk": 159, "model": "wallet.history", "fields": {"purchaser": 5, "cryptocurrency_sold": 3, "amount_sold": "250", "executed_time": "2014-06-15T18:28:19.825Z", "amount_bought": "0.0083525", "seller": 6, "sold_price": "29931.1583358276", "create_time": "2014-06-15T18:18:11.997Z", "cryptocurrency_bought": 1, "bought_price": "0.00003341", "commission_id": null}}, {"pk": 160, "model": "wallet.history", "fields": {"purchaser": 5, "cryptocurrency_sold": 3, "amount_sold": "1000", "executed_time": "2014-06-15T18:27:01.131Z", "amount_bought": "0.03402", "seller": 6, "sold_price": "29394.4738389183", "create_time": "2014-06-15T18:18:12.007Z", "cryptocurrency_bought": 1, "bought_price": "0.00003402", "commission_id": null}}, {"pk": 161, "model": "wallet.history", "fields": {"purchaser": null, "cryptocurrency_sold": 1, "amount_sold": "0.3185", "executed_time": null, "amount_bought": "13000", "seller": 5, "sold_price": "0.0000245", "create_time": "2014-06-15T18:18:26.674Z", "cryptocurrency_bought": 3, "bought_price": "40816.3265306123", "commission_id": 161}}, {"pk": 162, "model": "wallet.history", "fields": {"purchaser": null, "cryptocurrency_sold": 1, "amount_sold": "0.01436879", "executed_time": null, "amount_bought": "600.2", "seller": 5, "sold_price": "0.0000239400033322226", "create_time": "2014-06-15T18:18:26.687Z", "cryptocurrency_bought": 3, "bought_price": "41771.0885885311", "commission_id": 162}}, {"pk": 163, "model": "wallet.history", "fields": {"purchaser": null, "cryptocurrency_sold": 1, "amount_sold": "2.3E-7", "executed_time": null, "amount_bought": "0.00989845", "seller": 5, "sold_price": "0.0000232359611858422", "create_time": "2014-06-15T18:18:26.699Z", "cryptocurrency_bought": 3, "bought_price": "43036.7391304348", "commission_id": 163}}, {"pk": 164, "model": "wallet.history", "fields": {"purchaser": null, "cryptocurrency_sold": 1, "amount_sold": "0.00208007", "executed_time": null, "amount_bought": "88.55125019", "seller": 5, "sold_price": "0.0000234900127952671", "create_time": "2014-06-15T18:18:26.711Z", "cryptocurrency_bought": 3, "bought_price": "42571.2837500661", "commission_id": 164}}, {"pk": 165, "model": "wallet.history", "fields": {"purchaser": null, "cryptocurrency_sold": 1, "amount_sold": "1.7E-7", "executed_time": null, "amount_bought": "0.00724267", "seller": 5, "sold_price": "0.0000234720068703945", "create_time": "2014-06-15T18:18:26.723Z", "cryptocurrency_bought": 3, "bought_price": "42603.9411764706", "commission_id": 165}}, {"pk": 166, "model": "wallet.history", "fields": {"purchaser": null, "cryptocurrency_sold": 1, "amount_sold": "0.0001", "executed_time": null, "amount_bought": "4.33087917", "seller": 5, "sold_price": "0.0000230899999918492", "create_time": "2014-06-15T18:18:26.735Z", "cryptocurrency_bought": 3, "bought_price": "43308.7917", "commission_id": 166}}, {"pk": 167, "model": "wallet.history", "fields": {"purchaser": null, "cryptocurrency_sold": 1, "amount_sold": "1.4E-7", "executed_time": null, "amount_bought": "0.00590159", "seller": 5, "sold_price": "0.0000237224205680164", "create_time": "2014-06-15T18:18:26.747Z", "cryptocurrency_bought": 3, "bought_price": "42154.2142857143", "commission_id": 167}}, {"pk": 168, "model": "wallet.history", "fields": {"purchaser": null, "cryptocurrency_sold": 1, "amount_sold": "1.4E-7", "executed_time": null, "amount_bought": "0.00598735", "seller": 5, "sold_price": "0.0000233826317151995", "create_time": "2014-06-15T18:18:26.759Z", "cryptocurrency_bought": 3, "bought_price": "42766.7857142857", "commission_id": 168}}, {"pk": 169, "model": "wallet.history", "fields": {"purchaser": null, "cryptocurrency_sold": 1, "amount_sold": "4.1E-7", "executed_time": null, "amount_bought": "0.01821756", "seller": 5, "sold_price": "0.0000225057581805686", "create_time": "2014-06-15T18:18:26.771Z", "cryptocurrency_bought": 3, "bought_price": "44433.0731707317", "commission_id": 169}}, {"pk": 170, "model": "wallet.history", "fields": {"purchaser": 2, "cryptocurrency_sold": 1, "amount_sold": "0.0336", "executed_time": "2014-06-15T18:25:35.715Z", "amount_bought": "1500", "seller": 5, "sold_price": "0.0000224", "create_time": "2014-06-15T18:18:26.783Z", "cryptocurrency_bought": 3, "bought_price": "44642.8571428572", "commission_id": null}}, {"pk": 171, "model": "wallet.history", "fields": {"purchaser": null, "cryptocurrency_sold": 1, "amount_sold": "0.01585698", "executed_time": null, "amount_bought": "714.27829294", "seller": 5, "sold_price": "0.0000222000026554524", "create_time": "2014-06-15T18:18:26.795Z", "cryptocurrency_bought": 3, "bought_price": "45045.0396569839", "commission_id": 171}}, {"pk": 172, "model": "wallet.history", "fields": {"purchaser": null, "cryptocurrency_sold": 1, "amount_sold": "0.12237665", "executed_time": null, "amount_bought": "5555", "seller": 5, "sold_price": "0.00002203", "create_time": "2014-06-15T18:18:26.808Z", "cryptocurrency_bought": 3, "bought_price": "45392.6463912846", "commission_id": 172}}, {"pk": 173, "model": "wallet.history", "fields": {"purchaser": null, "cryptocurrency_sold": 1, "amount_sold": "0.0109", "executed_time": null, "amount_bought": "500", "seller": 5, "sold_price": "0.0000218", "create_time": "2014-06-15T18:18:26.820Z", "cryptocurrency_bought": 3, "bought_price": "45871.5596330275", "commission_id": 173}}, {"pk": 174, "model": "wallet.history", "fields": {"purchaser": null, "cryptocurrency_sold": 1, "amount_sold": "0.00131813", "executed_time": null, "amount_bought": "62.5", "seller": 5, "sold_price": "0.00002109008", "create_time": "2014-06-15T18:18:26.833Z", "cryptocurrency_bought": 3, "bought_price": "47415.6570292763", "commission_id": 174}}, {"pk": 175, "model": "wallet.history", "fields": {"purchaser": null, "cryptocurrency_sold": 1, "amount_sold": "0.03067104", "executed_time": null, "amount_bought": "1466.11084222", "seller": 5, "sold_price": "0.0000209200008053672", "create_time": "2014-06-15T18:18:26.845Z", "cryptocurrency_bought": 3, "bought_price": "47801.14538731", "commission_id": 175}}, {"pk": 176, "model": "wallet.history", "fields": {"purchaser": null, "cryptocurrency_sold": 1, "amount_sold": "0.03014724", "executed_time": null, "amount_bought": "1505.85599643", "seller": 5, "sold_price": "0.0000200200019599958", "create_time": "2014-06-15T18:18:26.858Z", "cryptocurrency_bought": 3, "bought_price": "49950.0450598463", "commission_id": 176}}, {"pk": 179, "model": "wallet.history", "fields": {"purchaser": null, "cryptocurrency_sold": 1, "amount_sold": "0.2567", "executed_time": null, "amount_bought": "15100", "seller": 5, "sold_price": "0.000017", "create_time": "2014-06-15T18:18:26.896Z", "cryptocurrency_bought": 3, "bought_price": "58823.5294117647", "commission_id": 179}}, {"pk": 180, "model": "wallet.history", "fields": {"purchaser": null, "cryptocurrency_sold": 1, "amount_sold": "0.00022841", "executed_time": null, "amount_bought": "14.16050698", "seller": 5, "sold_price": "0.0000161300722016946", "create_time": "2014-06-15T18:18:26.908Z", "cryptocurrency_bought": 3, "bought_price": "61996.0027144171", "commission_id": 180}}, {"pk": 181, "model": "wallet.history", "fields": {"purchaser": null, "cryptocurrency_sold": 3, "amount_sold": "8.74228624", "executed_time": null, "amount_bought": "0.00020763", "seller": 5, "sold_price": "42105.1208399557", "create_time": "2014-06-15T18:18:26.920Z", "cryptocurrency_bought": 1, "bought_price": "0.0000237500802764838", "commission_id": 181}}, {"pk": 182, "model": "wallet.history", "fields": {"purchaser": null, "cryptocurrency_sold": 3, "amount_sold": "0.00527553", "executed_time": null, "amount_bought": "1.3E-7", "seller": 5, "sold_price": "40581", "create_time": "2014-06-15T18:18:26.930Z", "cryptocurrency_bought": 1, "bought_price": "0.0000246420738769375", "commission_id": 182}}, {"pk": 183, "model": "wallet.history", "fields": {"purchaser": null, "cryptocurrency_sold": 3, "amount_sold": "0.02724806", "executed_time": null, "amount_bought": "6.9E-7", "seller": 5, "sold_price": "39489.9420289855", "create_time": "2014-06-15T18:18:26.940Z", "cryptocurrency_bought": 1, "bought_price": "0.00002532290372232", "commission_id": 183}}, {"pk": 184, "model": "wallet.history", "fields": {"purchaser": null, "cryptocurrency_sold": 3, "amount_sold": "0.18965517", "executed_time": null, "amount_bought": "0.00000492", "seller": 5, "sold_price": "38547.7987804878", "create_time": "2014-06-15T18:18:26.951Z", "cryptocurrency_bought": 1, "bought_price": "0.0000259418185119868", "commission_id": 184}}, {"pk": 185, "model": "wallet.history", "fields": {"purchaser": null, "cryptocurrency_sold": 3, "amount_sold": "0.03252898", "executed_time": null, "amount_bought": "8.7E-7", "seller": 5, "sold_price": "37389.6321839081", "create_time": "2014-06-15T18:18:26.961Z", "cryptocurrency_bought": 1, "bought_price": "0.0000267453821177301", "commission_id": 185}}, {"pk": 186, "model": "wallet.history", "fields": {"purchaser": null, "cryptocurrency_sold": 3, "amount_sold": "400", "executed_time": null, "amount_bought": "0.010664", "seller": 5, "sold_price": "37509.3773443361", "create_time": "2014-06-15T18:18:26.972Z", "cryptocurrency_bought": 1, "bought_price": "0.00002666", "commission_id": 186}}, {"pk": 187, "model": "wallet.history", "fields": {"purchaser": null, "cryptocurrency_sold": 3, "amount_sold": "0.02238657", "executed_time": null, "amount_bought": "6.0E-7", "seller": 5, "sold_price": "37310.95", "create_time": "2014-06-15T18:18:26.982Z", "cryptocurrency_bought": 1, "bought_price": "0.0000268017833906668", "commission_id": 187}}, {"pk": 188, "model": "wallet.history", "fields": {"purchaser": null, "cryptocurrency_sold": 3, "amount_sold": "0.01853081", "executed_time": null, "amount_bought": "5.1E-7", "seller": 5, "sold_price": "36334.9215686275", "create_time": "2014-06-15T18:18:26.993Z", "cryptocurrency_bought": 1, "bought_price": "0.000027521732725121", "commission_id": 188}}, {"pk": 189, "model": "wallet.history", "fields": {"purchaser": null, "cryptocurrency_sold": 3, "amount_sold": "90", "executed_time": null, "amount_bought": "0.0024903", "seller": 5, "sold_price": "36140.2240693892", "create_time": "2014-06-15T18:18:27.003Z", "cryptocurrency_bought": 1, "bought_price": "0.00002767", "commission_id": 189}}, {"pk": 190, "model": "wallet.history", "fields": {"purchaser": null, "cryptocurrency_sold": 3, "amount_sold": "103.16736352", "executed_time": null, "amount_bought": "0.00287837", "seller": 5, "sold_price": "35842.2869610231", "create_time": "2014-06-15T18:18:27.013Z", "cryptocurrency_bought": 1, "bought_price": "0.0000279000054066711", "commission_id": 190}}, {"pk": 191, "model": "wallet.history", "fields": {"purchaser": null, "cryptocurrency_sold": 3, "amount_sold": "50", "executed_time": null, "amount_bought": "0.00141", "seller": 5, "sold_price": "35460.9929078014", "create_time": "2014-06-15T18:18:27.024Z", "cryptocurrency_bought": 1, "bought_price": "0.0000282", "commission_id": 191}}, {"pk": 192, "model": "wallet.history", "fields": {"purchaser": null, "cryptocurrency_sold": 3, "amount_sold": "2000", "executed_time": null, "amount_bought": "0.05792", "seller": 5, "sold_price": "34530.3867403315", "create_time": "2014-06-15T18:18:27.034Z", "cryptocurrency_bought": 1, "bought_price": "0.00002896", "commission_id": 192}}, {"pk": 193, "model": "wallet.history", "fields": {"purchaser": null, "cryptocurrency_sold": 3, "amount_sold": "63.91213527", "executed_time": null, "amount_bought": "0.00190969", "seller": 5, "sold_price": "33467.2827893533", "create_time": "2014-06-15T18:18:27.044Z", "cryptocurrency_bought": 1, "bought_price": "0.0000298799279969668", "commission_id": 193}}, {"pk": 194, "model": "wallet.history", "fields": {"purchaser": null, "cryptocurrency_sold": 3, "amount_sold": "4151.03025611", "executed_time": null, "amount_bought": "0.12469695", "seller": 5, "sold_price": "33288.947773863", "create_time": "2014-06-15T18:18:27.055Z", "cryptocurrency_bought": 1, "bought_price": "0.0000300400002665496", "commission_id": 194}}, {"pk": 196, "model": "wallet.history", "fields": {"purchaser": null, "cryptocurrency_sold": 3, "amount_sold": "4.04694456", "executed_time": null, "amount_bought": "0.000128", "seller": 5, "sold_price": "31616.754375", "create_time": "2014-06-15T18:18:27.077Z", "cryptocurrency_bought": 1, "bought_price": "0.0000316287999754561", "commission_id": 196}}, {"pk": 197, "model": "wallet.history", "fields": {"purchaser": null, "cryptocurrency_sold": 3, "amount_sold": "250", "executed_time": null, "amount_bought": "0.0081025", "seller": 5, "sold_price": "30854.6744831842", "create_time": "2014-06-15T18:18:27.087Z", "cryptocurrency_bought": 1, "bought_price": "0.00003241", "commission_id": 197}}, {"pk": 198, "model": "wallet.history", "fields": {"purchaser": null, "cryptocurrency_sold": 3, "amount_sold": "2407.4437134", "executed_time": null, "amount_bought": "0.07944564", "seller": 5, "sold_price": "30303.0312727042", "create_time": "2014-06-15T18:18:27.097Z", "cryptocurrency_bought": 1, "bought_price": "0.0000329999989440252", "commission_id": 198}}, {"pk": 199, "model": "wallet.history", "fields": {"purchaser": null, "cryptocurrency_sold": 3, "amount_sold": "3099.35014376", "executed_time": null, "amount_bought": "0.104913", "seller": 5, "sold_price": "29542.0981552334", "create_time": "2014-06-15T18:18:27.108Z", "cryptocurrency_bought": 1, "bought_price": "0.0000338499992365251", "commission_id": 199}}, {"pk": 200, "model": "wallet.history", "fields": {"purchaser": null, "cryptocurrency_sold": 3, "amount_sold": "500", "executed_time": null, "amount_bought": "0.01706", "seller": 5, "sold_price": "29308.3235638922", "create_time": "2014-06-15T18:18:27.118Z", "cryptocurrency_bought": 1, "bought_price": "0.00003412", "commission_id": 200}}, {"pk": 201, "model": "wallet.history", "fields": {"purchaser": null, "cryptocurrency_sold": 1, "amount_sold": "0.00000176", "executed_time": null, "amount_bought": "0.07320617", "seller": 3, "sold_price": "0.0000240416893821928", "create_time": "2014-06-15T18:18:40.771Z", "cryptocurrency_bought": 3, "bought_price": "41594.4147727273", "commission_id": 201}}, {"pk": 202, "model": "wallet.history", "fields": {"purchaser": null, "cryptocurrency_sold": 1, "amount_sold": "0.00159782", "executed_time": null, "amount_bought": "67.07883316", "seller": 3, "sold_price": "0.0000238200327097043", "create_time": "2014-06-15T18:18:40.785Z", "cryptocurrency_bought": 3, "bought_price": "41981.470478527", "commission_id": 202}}, {"pk": 203, "model": "wallet.history", "fields": {"purchaser": null, "cryptocurrency_sold": 1, "amount_sold": "0.05235975", "executed_time": null, "amount_bought": "2218.63352576", "seller": 3, "sold_price": "0.0000235999994555496", "create_time": "2014-06-15T18:18:40.798Z", "cryptocurrency_bought": 3, "bought_price": "42372.8823334718", "commission_id": 203}}, {"pk": 204, "model": "wallet.history", "fields": {"purchaser": null, "cryptocurrency_sold": 1, "amount_sold": "0.117", "executed_time": null, "amount_bought": "5000", "seller": 3, "sold_price": "0.0000234", "create_time": "2014-06-15T18:18:40.811Z", "cryptocurrency_bought": 3, "bought_price": "42735.0427350427", "commission_id": 204}}, {"pk": 205, "model": "wallet.history", "fields": {"purchaser": null, "cryptocurrency_sold": 1, "amount_sold": "1.3E-7", "executed_time": null, "amount_bought": "0.00581036", "seller": 3, "sold_price": "0.0000223738288161147", "create_time": "2014-06-15T18:18:40.823Z", "cryptocurrency_bought": 3, "bought_price": "44695.0769230769", "commission_id": 205}}, {"pk": 206, "model": "wallet.history", "fields": {"purchaser": null, "cryptocurrency_sold": 1, "amount_sold": "0.01034196", "executed_time": null, "amount_bought": "448.67488564", "seller": 3, "sold_price": "0.0000230500086610553", "create_time": "2014-06-15T18:18:40.836Z", "cryptocurrency_bought": 3, "bought_price": "43383.9316377166", "commission_id": 206}}, {"pk": 207, "model": "wallet.history", "fields": {"purchaser": null, "cryptocurrency_sold": 1, "amount_sold": "0.00013122", "executed_time": null, "amount_bought": "5.72", "seller": 3, "sold_price": "0.0000229405594405594", "create_time": "2014-06-15T18:18:40.849Z", "cryptocurrency_bought": 3, "bought_price": "43590.9160188996", "commission_id": 207}}, {"pk": 208, "model": "wallet.history", "fields": {"purchaser": null, "cryptocurrency_sold": 1, "amount_sold": "1.7E-7", "executed_time": null, "amount_bought": "0.00750727", "seller": 3, "sold_price": "0.0000226447163882477", "create_time": "2014-06-15T18:18:40.862Z", "cryptocurrency_bought": 3, "bought_price": "44160.4117647059", "commission_id": 208}}, {"pk": 209, "model": "wallet.history", "fields": {"purchaser": null, "cryptocurrency_sold": 1, "amount_sold": "0.23008697", "executed_time": null, "amount_bought": "10226.08746573", "seller": 3, "sold_price": "0.0000225000001976391", "create_time": "2014-06-15T18:18:40.875Z", "cryptocurrency_bought": 3, "bought_price": "44444.4440540462", "commission_id": 209}}, {"pk": 210, "model": "wallet.history", "fields": {"purchaser": null, "cryptocurrency_sold": 1, "amount_sold": "0.004917", "executed_time": null, "amount_bought": "220", "seller": 3, "sold_price": "0.00002235", "create_time": "2014-06-15T18:18:40.887Z", "cryptocurrency_bought": 3, "bought_price": "44742.7293064877", "commission_id": 210}}, {"pk": 211, "model": "wallet.history", "fields": {"purchaser": 2, "cryptocurrency_sold": 1, "amount_sold": "0.02327661", "executed_time": "2014-06-15T18:25:49.292Z", "amount_bought": "1050.86261534", "seller": 3, "sold_price": "0.0000221500029216179", "create_time": "2014-06-15T18:18:40.899Z", "cryptocurrency_bought": 3, "bought_price": "45146.720907383", "commission_id": null}}, {"pk": 212, "model": "wallet.history", "fields": {"purchaser": null, "cryptocurrency_sold": 1, "amount_sold": "0.00007454", "executed_time": null, "amount_bought": "3.41", "seller": 3, "sold_price": "0.0000218592375366569", "create_time": "2014-06-15T18:18:40.911Z", "cryptocurrency_bought": 3, "bought_price": "45747.2497987658", "commission_id": 212}}, {"pk": 213, "model": "wallet.history", "fields": {"purchaser": null, "cryptocurrency_sold": 1, "amount_sold": "0.0054225", "executed_time": null, "amount_bought": "250", "seller": 3, "sold_price": "0.00002169", "create_time": "2014-06-15T18:18:40.924Z", "cryptocurrency_bought": 3, "bought_price": "46104.1954817889", "commission_id": 213}}, {"pk": 214, "model": "wallet.history", "fields": {"purchaser": null, "cryptocurrency_sold": 1, "amount_sold": "0.00007385", "executed_time": null, "amount_bought": "3.51187688", "seller": 3, "sold_price": "0.0000210286415280025", "create_time": "2014-06-15T18:18:40.935Z", "cryptocurrency_bought": 3, "bought_price": "47554.1893026405", "commission_id": 214}}, {"pk": 215, "model": "wallet.history", "fields": {"purchaser": null, "cryptocurrency_sold": 1, "amount_sold": "0.00003927", "executed_time": null, "amount_bought": "1.93244316", "seller": 3, "sold_price": "0.0000203214256506256", "create_time": "2014-06-15T18:18:40.949Z", "cryptocurrency_bought": 3, "bought_price": "49209.1459129106", "commission_id": 215}}, {"pk": 216, "model": "wallet.history", "fields": {"purchaser": null, "cryptocurrency_sold": 1, "amount_sold": "0.1999", "executed_time": null, "amount_bought": "10000", "seller": 3, "sold_price": "0.00001999", "create_time": "2014-06-15T18:18:40.961Z", "cryptocurrency_bought": 3, "bought_price": "50025.0125062532", "commission_id": 216}}, {"pk": 217, "model": "wallet.history", "fields": {"purchaser": null, "cryptocurrency_sold": 1, "amount_sold": "0.0183", "executed_time": null, "amount_bought": "1000", "seller": 3, "sold_price": "0.0000183", "create_time": "2014-06-15T18:18:40.973Z", "cryptocurrency_bought": 3, "bought_price": "54644.8087431694", "commission_id": 217}}, {"pk": 218, "model": "wallet.history", "fields": {"purchaser": null, "cryptocurrency_sold": 1, "amount_sold": "0.0014", "executed_time": null, "amount_bought": "80", "seller": 3, "sold_price": "0.0000175", "create_time": "2014-06-15T18:18:40.985Z", "cryptocurrency_bought": 3, "bought_price": "57142.8571428572", "commission_id": 218}}, {"pk": 219, "model": "wallet.history", "fields": {"purchaser": null, "cryptocurrency_sold": 1, "amount_sold": "0.00062814", "executed_time": null, "amount_bought": "38", "seller": 3, "sold_price": "0.00001653", "create_time": "2014-06-15T18:18:40.998Z", "cryptocurrency_bought": 3, "bought_price": "60496.0677555959", "commission_id": 219}}, {"pk": 220, "model": "wallet.history", "fields": {"purchaser": null, "cryptocurrency_sold": 1, "amount_sold": "0.035178", "executed_time": null, "amount_bought": "2200", "seller": 3, "sold_price": "0.00001599", "create_time": "2014-06-15T18:18:41.010Z", "cryptocurrency_bought": 3, "bought_price": "62539.0869293309", "commission_id": 220}}, {"pk": 221, "model": "wallet.history", "fields": {"purchaser": null, "cryptocurrency_sold": 3, "amount_sold": "0.09416166", "executed_time": null, "amount_bought": "0.00000235", "seller": 3, "sold_price": "40068.7914893617", "create_time": "2014-06-15T18:18:41.021Z", "cryptocurrency_bought": 1, "bought_price": "0.0000249570791339065", "commission_id": 221}}, {"pk": 222, "model": "wallet.history", "fields": {"purchaser": null, "cryptocurrency_sold": 3, "amount_sold": "4830.23082589", "executed_time": null, "amount_bought": "0.12075577", "seller": 3, "sold_price": "40000.0002143997", "create_time": "2014-06-15T18:18:41.031Z", "cryptocurrency_bought": 1, "bought_price": "0.0000249999998660002", "commission_id": 222}}, {"pk": 223, "model": "wallet.history", "fields": {"purchaser": null, "cryptocurrency_sold": 3, "amount_sold": "0.03957153", "executed_time": null, "amount_bought": "0.00000101", "seller": 3, "sold_price": "39179.7326732673", "create_time": "2014-06-15T18:18:41.042Z", "cryptocurrency_bought": 1, "bought_price": "0.0000255234002829812", "commission_id": 223}}, {"pk": 224, "model": "wallet.history", "fields": {"purchaser": 2, "cryptocurrency_sold": 3, "amount_sold": "55.40882598", "executed_time": "2014-06-15T18:26:39.738Z", "amount_bought": "0.00145005", "seller": 3, "sold_price": "38211.6657908348", "create_time": "2014-06-15T18:18:41.052Z", "cryptocurrency_bought": 1, "bought_price": "0.0000261700184826764", "commission_id": null}}, {"pk": 225, "model": "wallet.history", "fields": {"purchaser": null, "cryptocurrency_sold": 3, "amount_sold": "334.05991535", "executed_time": null, "amount_bought": "0.00889267", "seller": 3, "sold_price": "37565.7609413146", "create_time": "2014-06-15T18:18:41.063Z", "cryptocurrency_bought": 1, "bought_price": "0.0000266199851924258", "commission_id": 225}}, {"pk": 226, "model": "wallet.history", "fields": {"purchaser": null, "cryptocurrency_sold": 3, "amount_sold": "180", "executed_time": null, "amount_bought": "0.0048096", "seller": 3, "sold_price": "37425.1497005988", "create_time": "2014-06-15T18:18:41.074Z", "cryptocurrency_bought": 1, "bought_price": "0.00002672", "commission_id": 226}}, {"pk": 227, "model": "wallet.history", "fields": {"purchaser": null, "cryptocurrency_sold": 3, "amount_sold": "2221.04852145", "executed_time": null, "amount_bought": "0.05996831", "seller": 3, "sold_price": "37037.0370859209", "create_time": "2014-06-15T18:18:41.084Z", "cryptocurrency_bought": 1, "bought_price": "0.0000269999999643637", "commission_id": 227}}, {"pk": 228, "model": "wallet.history", "fields": {"purchaser": null, "cryptocurrency_sold": 3, "amount_sold": "0.03426638", "executed_time": null, "amount_bought": "9.4E-7", "seller": 3, "sold_price": "36453.5957446809", "create_time": "2014-06-15T18:18:41.095Z", "cryptocurrency_bought": 1, "bought_price": "0.0000274321361054188", "commission_id": 228}}, {"pk": 229, "model": "wallet.history", "fields": {"purchaser": null, "cryptocurrency_sold": 3, "amount_sold": "1368.11154298", "executed_time": null, "amount_bought": "0.03792405", "seller": 3, "sold_price": "36075.0379503244", "create_time": "2014-06-15T18:18:41.106Z", "cryptocurrency_bought": 1, "bought_price": "0.0000277199985590315", "commission_id": 229}}, {"pk": 230, "model": "wallet.history", "fields": {"purchaser": null, "cryptocurrency_sold": 3, "amount_sold": "1003.66837858", "executed_time": null, "amount_bought": "0.02804249", "seller": 3, "sold_price": "35790.9864131181", "create_time": "2014-06-15T18:18:41.117Z", "cryptocurrency_bought": 1, "bought_price": "0.0000279399955189131", "commission_id": 230}}, {"pk": 231, "model": "wallet.history", "fields": {"purchaser": null, "cryptocurrency_sold": 3, "amount_sold": "80", "executed_time": null, "amount_bought": "0.0022656", "seller": 3, "sold_price": "35310.7344632768", "create_time": "2014-06-15T18:18:41.127Z", "cryptocurrency_bought": 1, "bought_price": "0.00002832", "commission_id": 231}}, {"pk": 232, "model": "wallet.history", "fields": {"purchaser": null, "cryptocurrency_sold": 3, "amount_sold": "4.784689", "executed_time": null, "amount_bought": "0.00014", "seller": 3, "sold_price": "34176.35", "create_time": "2014-06-15T18:18:41.138Z", "cryptocurrency_bought": 1, "bought_price": "0.00002925999997074", "commission_id": 232}}, {"pk": 233, "model": "wallet.history", "fields": {"purchaser": null, "cryptocurrency_sold": 3, "amount_sold": "90", "executed_time": null, "amount_bought": "0.0026955", "seller": 3, "sold_price": "33388.9816360601", "create_time": "2014-06-15T18:18:41.148Z", "cryptocurrency_bought": 1, "bought_price": "0.00002995", "commission_id": 233}}, {"pk": 234, "model": "wallet.history", "fields": {"purchaser": null, "cryptocurrency_sold": 3, "amount_sold": "1250", "executed_time": null, "amount_bought": "0.0380125", "seller": 3, "sold_price": "32883.9197632358", "create_time": "2014-06-15T18:18:41.159Z", "cryptocurrency_bought": 1, "bought_price": "0.00003041", "commission_id": 234}}, {"pk": 235, "model": "wallet.history", "fields": {"purchaser": 5, "cryptocurrency_sold": 3, "amount_sold": "712.82460284", "executed_time": "2014-06-15T18:28:36.649Z", "amount_bought": "0.02209756", "seller": 3, "sold_price": "32258.0684401355", "create_time": "2014-06-15T18:18:41.170Z", "cryptocurrency_bought": 1, "bought_price": "0.0000309999962290303", "commission_id": null}}, {"pk": 236, "model": "wallet.history", "fields": {"purchaser": null, "cryptocurrency_sold": 3, "amount_sold": "200", "executed_time": null, "amount_bought": "0.00638", "seller": 3, "sold_price": "31347.9623824451", "create_time": "2014-06-15T18:18:41.181Z", "cryptocurrency_bought": 1, "bought_price": "0.0000319", "commission_id": 236}}, {"pk": 237, "model": "wallet.history", "fields": {"purchaser": null, "cryptocurrency_sold": 3, "amount_sold": "187.5", "executed_time": null, "amount_bought": "0.0061125", "seller": 3, "sold_price": "30674.8466257669", "create_time": "2014-06-15T18:18:41.192Z", "cryptocurrency_bought": 1, "bought_price": "0.0000326", "commission_id": 237}}, {"pk": 238, "model": "wallet.history", "fields": {"purchaser": null, "cryptocurrency_sold": 3, "amount_sold": "500", "executed_time": null, "amount_bought": "0.016575", "seller": 3, "sold_price": "30165.9125188537", "create_time": "2014-06-15T18:18:41.203Z", "cryptocurrency_bought": 1, "bought_price": "0.00003315", "commission_id": 238}}, {"pk": 239, "model": "wallet.history", "fields": {"purchaser": null, "cryptocurrency_sold": 3, "amount_sold": "44273.26016134", "executed_time": null, "amount_bought": "1.50086352", "seller": 3, "sold_price": "29498.5250633182", "create_time": "2014-06-15T18:18:41.214Z", "cryptocurrency_bought": 1, "bought_price": "0.0000339000000119841", "commission_id": 239}}, {"pk": 240, "model": "wallet.history", "fields": {"purchaser": null, "cryptocurrency_sold": 3, "amount_sold": "20.96830893", "executed_time": null, "amount_bought": "0.00071858", "seller": 3, "sold_price": "29180.2011327897", "create_time": "2014-06-15T18:18:41.225Z", "cryptocurrency_bought": 1, "bought_price": "0.0000342698117620685", "commission_id": 240}}]