[{"pk": 1, "model": "contenttypes.contenttype", "fields": {"model": "permission", "name": "permission", "app_label": "auth"}}, {"pk": 2, "model": "contenttypes.contenttype", "fields": {"model": "group", "name": "group", "app_label": "auth"}}, {"pk": 3, "model": "contenttypes.contenttype", "fields": {"model": "user", "name": "user", "app_label": "auth"}}, {"pk": 4, "model": "contenttypes.contenttype", "fields": {"model": "contenttype", "name": "content type", "app_label": "contenttypes"}}, {"pk": 5, "model": "contenttypes.contenttype", "fields": {"model": "session", "name": "session", "app_label": "sessions"}}, {"pk": 6, "model": "contenttypes.contenttype", "fields": {"model": "site", "name": "site", "app_label": "sites"}}, {"pk": 7, "model": "contenttypes.contenttype", "fields": {"model": "logentry", "name": "log entry", "app_label": "admin"}}, {"pk": 8, "model": "contenttypes.contenttype", "fields": {"model": "userprofile", "name": "user", "app_label": "index"}}, {"pk": 9, "model": "contenttypes.contenttype", "fields": {"model": "cryptocurrency", "name": "cryptocurrency", "app_label": "wallet"}}, {"pk": 10, "model": "contenttypes.contenttype", "fields": {"model": "commission", "name": "commission", "app_label": "wallet"}}, {"pk": 11, "model": "contenttypes.contenttype", "fields": {"model": "history", "name": "history", "app_label": "wallet"}}, {"pk": 12, "model": "contenttypes.contenttype", "fields": {"model": "commissionhistory", "name": "commission history", "app_label": "wallet"}}, {"pk": 13, "model": "contenttypes.contenttype", "fields": {"model": "deposithistory", "name": "deposit history", "app_label": "wallet"}}, {"pk": 14, "model": "contenttypes.contenttype", "fields": {"model": "withdrawcodes", "name": "withdraw codes", "app_label": "wallet"}}, {"pk": 15, "model": "contenttypes.contenttype", "fields": {"model": "userwallet", "name": "user wallet", "app_label": "wallet"}}, {"pk": 16, "model": "contenttypes.contenttype", "fields": {"model": "litewallet", "name": "lite wallet", "app_label": "wallet"}}, {"pk": 17, "model": "contenttypes.contenttype", "fields": {"model": "userproxy", "name": "user proxy", "app_label": "wallet"}}, {"pk": 18, "model": "contenttypes.contenttype", "fields": {"model": "plnwallet", "name": "pln wallet", "app_label": "wallet"}}, {"pk": 19, "model": "contenttypes.contenttype", "fields": {"model": "usernotconfirmed", "name": "user not confirmed", "app_label": "index"}}, {"pk": 20, "model": "contenttypes.contenttype", "fields": {"model": "newss", "name": "newss", "app_label": "index"}}, {"pk": "4fdfg4af8fmtl0lrenvyi07xjsjashuc", "model": "sessions.session", "fields": {"expire_date": "2014-06-21T16:46:23.602Z", "session_data": "ZDdmMGU5MDZmMTc0OWI0MDc1NGRmMDc4OWM2MTgzYTA5NmUwNjBlYjp7fQ=="}}, {"pk": "i30gem95t3k7atmvvtb2sybo35hbxvm2", "model": "sessions.session", "fields": {"expire_date": "2014-06-17T20:43:21.413Z", "session_data": "YTFkMDVhYzk2NzE0ODgyNDg4YjFhNTE1N2I5NjQ5M2IzMmYzYzY1Yjp7Il9hdXRoX3VzZXJfYmFja2VuZCI6ImRqYW5nby5jb250cmliLmF1dGguYmFja2VuZHMuTW9kZWxCYWNrZW5kIiwiX2F1dGhfdXNlcl9pZCI6MX0="}}, {"pk": "oszzvyxa1ib2jwqiu42nsw4qkgedz5cx", "model": "sessions.session", "fields": {"expire_date": "2014-06-21T16:05:27.023Z", "session_data": "YTFkMDVhYzk2NzE0ODgyNDg4YjFhNTE1N2I5NjQ5M2IzMmYzYzY1Yjp7Il9hdXRoX3VzZXJfYmFja2VuZCI6ImRqYW5nby5jb250cmliLmF1dGguYmFja2VuZHMuTW9kZWxCYWNrZW5kIiwiX2F1dGhfdXNlcl9pZCI6MX0="}}, {"pk": 1, "model": "sites.site", "fields": {"domain": "example.com", "name": "example.com"}}, {"pk": 1, "model": "wallet.cryptocurrency", "fields": {"name": "BTC"}}, {"pk": 2, "model": "wallet.cryptocurrency", "fields": {"name": "LTC"}}, {"pk": 3, "model": "wallet.cryptocurrency", "fields": {"name": "GLDC"}}, {"pk": 1, "model": "wallet.commission", "fields": {"time_limit": "2016-03-03T01:30:00Z", "destination_amount": "0.00000153", "source_amount": "0.09050625", "destination_wallet": 13, "destination_price": "0.0000169049098819142", "source_wallet": 3, "source_price": "59154.4117647059"}}, {"pk": 2, "model": "wallet.commission", "fields": {"time_limit": "2016-03-03T01:30:00Z", "destination_amount": "0.00058844", "source_amount": "34.69569003", "destination_wallet": 13, "destination_price": "0.0000169600316203886", "source_wallet": 3, "source_price": "58962.154221331"}}, {"pk": 3, "model": "wallet.commission", "fields": {"time_limit": "2016-03-03T01:30:00Z", "destination_amount": "0.003248", "source_amount": "191.96234052", "destination_wallet": 13, "destination_price": "0.0000169199854054791", "source_wallet": 3, "source_price": "59101.7058251232"}}, {"pk": 4, "model": "wallet.commission", "fields": {"time_limit": "2016-03-03T01:30:00Z", "destination_amount": "0.00000168", "source_amount": "0.09901407", "destination_wallet": 13, "destination_price": "0.000016967285558507", "source_wallet": 3, "source_price": "58936.9464285714"}}, {"pk": 5, "model": "wallet.commission", "fields": {"time_limit": "2016-03-03T01:30:00Z", "destination_amount": "0.00000166", "source_amount": "0.09822053", "destination_wallet": 13, "destination_price": "0.0000169007436632647", "source_wallet": 3, "source_price": "59168.9939759036"}}, {"pk": 6, "model": "wallet.commission", "fields": {"time_limit": "2016-03-03T01:30:00Z", "destination_amount": "0.00208252", "source_amount": "89.41710262", "destination_wallet": 13, "destination_price": "0.0000232899516868734", "source_wallet": 3, "source_price": "42936.9718514108"}}, {"pk": 7, "model": "wallet.commission", "fields": {"time_limit": "2016-03-03T01:30:00Z", "destination_amount": "0.00202", "source_amount": "125", "destination_wallet": 3, "destination_price": "0.00001616", "source_wallet": 13, "source_price": "61881.1881188119"}}, {"pk": 8, "model": "wallet.commission", "fields": {"time_limit": "2016-03-03T01:30:00Z", "destination_amount": "2.4E-7", "source_amount": "0.01500347", "destination_wallet": 3, "destination_price": "0.0000159962995227104", "source_wallet": 13, "source_price": "62514.4583333334"}}, {"pk": 9, "model": "wallet.commission", "fields": {"time_limit": "2016-03-03T01:30:00Z", "destination_amount": "6.8E-7", "source_amount": "0.0432217", "destination_wallet": 3, "destination_price": "0.0000157328379031829", "source_wallet": 13, "source_price": "63561.3235294118"}}, {"pk": 10, "model": "wallet.commission", "fields": {"time_limit": "2016-03-03T01:30:00Z", "destination_amount": "0.01353198", "source_amount": "1111", "destination_wallet": 3, "destination_price": "0.00001218", "source_wallet": 13, "source_price": "82101.8062397373"}}, {"pk": 11, "model": "wallet.commission", "fields": {"time_limit": "2016-03-03T01:30:00Z", "destination_amount": "0.01148451", "source_amount": "948.3489054", "destination_wallet": 3, "destination_price": "0.0000121100050146164", "source_wallet": 13, "source_price": "82576.3489604694"}}, {"pk": 12, "model": "wallet.commission", "fields": {"time_limit": "2016-03-03T01:30:00Z", "destination_amount": "0.000105", "source_amount": "15", "destination_wallet": 3, "destination_price": "0.0000070", "source_wallet": 13, "source_price": "142857.142857143"}}, {"pk": 13, "model": "wallet.commission", "fields": {"time_limit": "2016-03-03T01:30:00Z", "destination_amount": "0.00000153", "source_amount": "0.09050625", "destination_wallet": 13, "destination_price": "0.0000169049098819142", "source_wallet": 3, "source_price": "59154.4117647059"}}, {"pk": 14, "model": "wallet.commission", "fields": {"time_limit": "2016-03-03T01:30:00Z", "destination_amount": "0.000030", "source_amount": "30", "destination_wallet": 3, "destination_price": "0.0000010", "source_wallet": 13, "source_price": "1000000"}}, {"pk": 15, "model": "wallet.commission", "fields": {"time_limit": "2016-03-03T01:30:00Z", "destination_amount": "0.00058844", "source_amount": "34.69569003", "destination_wallet": 13, "destination_price": "0.0000169600316203886", "source_wallet": 3, "source_price": "58962.154221331"}}, {"pk": 16, "model": "wallet.commission", "fields": {"time_limit": "2016-03-03T01:30:00Z", "destination_amount": "0.003248", "source_amount": "191.96234052", "destination_wallet": 13, "destination_price": "0.0000169199854054791", "source_wallet": 3, "source_price": "59101.7058251232"}}, {"pk": 17, "model": "wallet.commission", "fields": {"time_limit": "2016-03-03T01:30:00Z", "destination_amount": "0.00000168", "source_amount": "0.09901407", "destination_wallet": 13, "destination_price": "0.000016967285558507", "source_wallet": 3, "source_price": "58936.9464285714"}}, {"pk": 18, "model": "wallet.commission", "fields": {"time_limit": "2016-03-03T01:30:00Z", "destination_amount": "0.00000166", "source_amount": "0.09822053", "destination_wallet": 13, "destination_price": "0.0000169007436632647", "source_wallet": 3, "source_price": "59168.9939759036"}}, {"pk": 19, "model": "wallet.commission", "fields": {"time_limit": "2016-03-03T01:30:00Z", "destination_amount": "0.08871202", "source_amount": "95.06421428", "destination_wallet": 8, "destination_price": "0.000933179963374121", "source_wallet": 13, "source_price": "1071.60466281796"}}, {"pk": 20, "model": "wallet.commission", "fields": {"time_limit": "2016-03-03T01:30:00Z", "destination_amount": "1.05970468", "source_amount": "1.05970468", "destination_wallet": 8, "destination_price": "1", "source_wallet": 13, "source_price": "1"}}, {"pk": 21, "model": "wallet.commission", "fields": {"time_limit": "2016-03-03T01:30:00Z", "destination_amount": "0.0396662", "source_amount": "44.36339641", "destination_wallet": 8, "destination_price": "0.000894120000042621", "source_wallet": 13, "source_price": "1118.41810937272"}}, {"pk": 22, "model": "wallet.commission", "fields": {"time_limit": "2016-03-03T01:30:00Z", "destination_amount": "0.001", "source_amount": "1.28690191", "destination_wallet": 8, "destination_price": "0.000777060001410675", "source_wallet": 13, "source_price": "1286.90191"}}, {"pk": 23, "model": "wallet.commission", "fields": {"time_limit": "2016-03-03T01:30:00Z", "destination_amount": "0.00004302", "source_amount": "0.08190127", "destination_wallet": 8, "destination_price": "0.000525266580115302", "source_wallet": 13, "source_price": "1903.79521152952"}}, {"pk": 24, "model": "wallet.commission", "fields": {"time_limit": "2016-03-03T01:30:00Z", "destination_amount": "0.0000166", "source_amount": "10", "destination_wallet": 8, "destination_price": "0.00000166", "source_wallet": 13, "source_price": "602409.638554217"}}, {"pk": 25, "model": "wallet.commission", "fields": {"time_limit": "2016-03-03T01:30:00Z", "destination_amount": "3232.9843624", "source_amount": "3232.9843624", "destination_wallet": 8, "destination_price": "1", "source_wallet": 13, "source_price": "1"}}, {"pk": 26, "model": "wallet.commission", "fields": {"time_limit": "2016-03-03T01:30:00Z", "destination_amount": "0.0011", "source_amount": "1.14547537", "destination_wallet": 13, "destination_price": "0.000960300001910997", "source_wallet": 8, "source_price": "1041.34124545455"}}, {"pk": 27, "model": "wallet.commission", "fields": {"time_limit": "2016-03-03T01:30:00Z", "destination_amount": "0.00902201", "source_amount": "8.99322994", "destination_wallet": 13, "destination_price": "0.00100320019172111", "source_wallet": 8, "source_price": "996.810016836603"}}, {"pk": 28, "model": "wallet.commission", "fields": {"time_limit": "2016-03-03T01:30:00Z", "destination_amount": "0.0011346", "source_amount": "1.08854404", "destination_wallet": 13, "destination_price": "0.00104230968918814", "source_wallet": 8, "source_price": "959.40775603737"}}, {"pk": 29, "model": "wallet.commission", "fields": {"time_limit": "2016-03-03T01:30:00Z", "destination_amount": "0.00000153", "source_amount": "0.09050625", "destination_wallet": 11, "destination_price": "0.0000169049098819142", "source_wallet": 1, "source_price": "59154.4117647059"}}, {"pk": 30, "model": "wallet.commission", "fields": {"time_limit": "2016-03-03T01:30:00Z", "destination_amount": "0.00058844", "source_amount": "34.69569003", "destination_wallet": 11, "destination_price": "0.0000169600316203886", "source_wallet": 1, "source_price": "58962.154221331"}}, {"pk": 31, "model": "wallet.commission", "fields": {"time_limit": "2016-03-03T01:30:00Z", "destination_amount": "0.003248", "source_amount": "191.96234052", "destination_wallet": 11, "destination_price": "0.0000169199854054791", "source_wallet": 1, "source_price": "59101.7058251232"}}, {"pk": 32, "model": "wallet.commission", "fields": {"time_limit": "2016-03-03T01:30:00Z", "destination_amount": "0.00000168", "source_amount": "0.09901407", "destination_wallet": 11, "destination_price": "0.000016967285558507", "source_wallet": 1, "source_price": "58936.9464285714"}}, {"pk": 33, "model": "wallet.commission", "fields": {"time_limit": "2016-03-03T01:30:00Z", "destination_amount": "0.00000166", "source_amount": "0.09822053", "destination_wallet": 11, "destination_price": "0.0000169007436632647", "source_wallet": 1, "source_price": "59168.9939759036"}}, {"pk": 34, "model": "wallet.commission", "fields": {"time_limit": "2016-03-03T01:30:00Z", "destination_amount": "0.00208252", "source_amount": "89.41710262", "destination_wallet": 11, "destination_price": "0.0000232899516868734", "source_wallet": 1, "source_price": "42936.9718514108"}}, {"pk": 35, "model": "wallet.commission", "fields": {"time_limit": "2016-03-03T01:30:00Z", "destination_amount": "0.00202", "source_amount": "125", "destination_wallet": 1, "destination_price": "0.00001616", "source_wallet": 11, "source_price": "61881.1881188119"}}, {"pk": 36, "model": "wallet.commission", "fields": {"time_limit": "2016-03-03T01:30:00Z", "destination_amount": "2.4E-7", "source_amount": "0.01500347", "destination_wallet": 1, "destination_price": "0.0000159962995227104", "source_wallet": 11, "source_price": "62514.4583333334"}}, {"pk": 37, "model": "wallet.commission", "fields": {"time_limit": "2016-03-03T01:30:00Z", "destination_amount": "6.8E-7", "source_amount": "0.0432217", "destination_wallet": 1, "destination_price": "0.0000157328379031829", "source_wallet": 11, "source_price": "63561.3235294118"}}, {"pk": 38, "model": "wallet.commission", "fields": {"time_limit": "2016-03-03T01:30:00Z", "destination_amount": "0.01353198", "source_amount": "1111", "destination_wallet": 1, "destination_price": "0.00001218", "source_wallet": 11, "source_price": "82101.8062397373"}}, {"pk": 39, "model": "wallet.commission", "fields": {"time_limit": "2016-03-03T01:30:00Z", "destination_amount": "0.01148451", "source_amount": "948.3489054", "destination_wallet": 1, "destination_price": "0.0000121100050146164", "source_wallet": 11, "source_price": "82576.3489604694"}}, {"pk": 40, "model": "wallet.commission", "fields": {"time_limit": "2016-03-03T01:30:00Z", "destination_amount": "0.000105", "source_amount": "15", "destination_wallet": 1, "destination_price": "0.0000070", "source_wallet": 11, "source_price": "142857.142857143"}}, {"pk": 41, "model": "wallet.commission", "fields": {"time_limit": "2016-03-03T01:30:00Z", "destination_amount": "0.000030", "source_amount": "30", "destination_wallet": 1, "destination_price": "0.0000010", "source_wallet": 11, "source_price": "1000000"}}, {"pk": 42, "model": "wallet.commission", "fields": {"time_limit": "2016-03-03T01:30:00Z", "destination_amount": "0.08871202", "source_amount": "95.06421428", "destination_wallet": 6, "destination_price": "0.000933179963374121", "source_wallet": 11, "source_price": "1071.60466281796"}}, {"pk": 43, "model": "wallet.commission", "fields": {"time_limit": "2016-03-03T01:30:00Z", "destination_amount": "1.05970468", "source_amount": "1.05970468", "destination_wallet": 6, "destination_price": "1", "source_wallet": 11, "source_price": "1"}}, {"pk": 44, "model": "wallet.commission", "fields": {"time_limit": "2016-03-03T01:30:00Z", "destination_amount": "0.0396662", "source_amount": "44.36339641", "destination_wallet": 6, "destination_price": "0.000894120000042621", "source_wallet": 11, "source_price": "1118.41810937272"}}, {"pk": 45, "model": "wallet.commission", "fields": {"time_limit": "2016-03-03T01:30:00Z", "destination_amount": "0.00000153", "source_amount": "0.09050625", "destination_wallet": 11, "destination_price": "0.0000169049098819142", "source_wallet": 1, "source_price": "59154.4117647059"}}, {"pk": 46, "model": "wallet.commission", "fields": {"time_limit": "2016-03-03T01:30:00Z", "destination_amount": "0.001", "source_amount": "1.28690191", "destination_wallet": 6, "destination_price": "0.000777060001410675", "source_wallet": 11, "source_price": "1286.90191"}}, {"pk": 47, "model": "wallet.commission", "fields": {"time_limit": "2016-03-03T01:30:00Z", "destination_amount": "0.00058844", "source_amount": "34.69569003", "destination_wallet": 11, "destination_price": "0.0000169600316203886", "source_wallet": 1, "source_price": "58962.154221331"}}, {"pk": 48, "model": "wallet.commission", "fields": {"time_limit": "2016-03-03T01:30:00Z", "destination_amount": "0.00004302", "source_amount": "0.08190127", "destination_wallet": 6, "destination_price": "0.000525266580115302", "source_wallet": 11, "source_price": "1903.79521152952"}}, {"pk": 49, "model": "wallet.commission", "fields": {"time_limit": "2016-03-03T01:30:00Z", "destination_amount": "0.0000166", "source_amount": "10", "destination_wallet": 6, "destination_price": "0.00000166", "source_wallet": 11, "source_price": "602409.638554217"}}, {"pk": 50, "model": "wallet.commission", "fields": {"time_limit": "2016-03-03T01:30:00Z", "destination_amount": "0.003248", "source_amount": "191.96234052", "destination_wallet": 11, "destination_price": "0.0000169199854054791", "source_wallet": 1, "source_price": "59101.7058251232"}}, {"pk": 51, "model": "wallet.commission", "fields": {"time_limit": "2016-03-03T01:30:00Z", "destination_amount": "3232.9843624", "source_amount": "3232.9843624", "destination_wallet": 6, "destination_price": "1", "source_wallet": 11, "source_price": "1"}}, {"pk": 52, "model": "wallet.commission", "fields": {"time_limit": "2016-03-03T01:30:00Z", "destination_amount": "0.0011", "source_amount": "1.14547537", "destination_wallet": 11, "destination_price": "0.000960300001910997", "source_wallet": 6, "source_price": "1041.34124545455"}}, {"pk": 53, "model": "wallet.commission", "fields": {"time_limit": "2016-03-03T01:30:00Z", "destination_amount": "0.00000168", "source_amount": "0.09901407", "destination_wallet": 11, "destination_price": "0.000016967285558507", "source_wallet": 1, "source_price": "58936.9464285714"}}, {"pk": 54, "model": "wallet.commission", "fields": {"time_limit": "2016-03-03T01:30:00Z", "destination_amount": "0.00902201", "source_amount": "8.99322994", "destination_wallet": 11, "destination_price": "0.00100320019172111", "source_wallet": 6, "source_price": "996.810016836603"}}, {"pk": 55, "model": "wallet.commission", "fields": {"time_limit": "2016-03-03T01:30:00Z", "destination_amount": "0.00000166", "source_amount": "0.09822053", "destination_wallet": 11, "destination_price": "0.0000169007436632647", "source_wallet": 1, "source_price": "59168.9939759036"}}, {"pk": 56, "model": "wallet.commission", "fields": {"time_limit": "2016-03-03T01:30:00Z", "destination_amount": "0.00208252", "source_amount": "89.41710262", "destination_wallet": 11, "destination_price": "0.0000232899516868734", "source_wallet": 1, "source_price": "42936.9718514108"}}, {"pk": 57, "model": "wallet.commission", "fields": {"time_limit": "2016-03-03T01:30:00Z", "destination_amount": "0.0011346", "source_amount": "1.08854404", "destination_wallet": 11, "destination_price": "0.00104230968918814", "source_wallet": 6, "source_price": "959.40775603737"}}, {"pk": 58, "model": "wallet.commission", "fields": {"time_limit": "2016-03-03T01:30:00Z", "destination_amount": "0.00202", "source_amount": "125", "destination_wallet": 1, "destination_price": "0.00001616", "source_wallet": 11, "source_price": "61881.1881188119"}}, {"pk": 59, "model": "wallet.commission", "fields": {"time_limit": "2016-03-03T01:30:00Z", "destination_amount": "2.4E-7", "source_amount": "0.01500347", "destination_wallet": 1, "destination_price": "0.0000159962995227104", "source_wallet": 11, "source_price": "62514.4583333334"}}, {"pk": 60, "model": "wallet.commission", "fields": {"time_limit": "2016-03-03T01:30:00Z", "destination_amount": "6.8E-7", "source_amount": "0.0432217", "destination_wallet": 1, "destination_price": "0.0000157328379031829", "source_wallet": 11, "source_price": "63561.3235294118"}}, {"pk": 61, "model": "wallet.commission", "fields": {"time_limit": "2016-03-03T01:30:00Z", "destination_amount": "0.01353198", "source_amount": "1111", "destination_wallet": 1, "destination_price": "0.00001218", "source_wallet": 11, "source_price": "82101.8062397373"}}, {"pk": 62, "model": "wallet.commission", "fields": {"time_limit": "2016-03-03T01:30:00Z", "destination_amount": "0.01148451", "source_amount": "948.3489054", "destination_wallet": 1, "destination_price": "0.0000121100050146164", "source_wallet": 11, "source_price": "82576.3489604694"}}, {"pk": 63, "model": "wallet.commission", "fields": {"time_limit": "2016-03-03T01:30:00Z", "destination_amount": "0.000105", "source_amount": "15", "destination_wallet": 1, "destination_price": "0.0000070", "source_wallet": 11, "source_price": "142857.142857143"}}, {"pk": 64, "model": "wallet.commission", "fields": {"time_limit": "2016-03-03T01:30:00Z", "destination_amount": "0.000030", "source_amount": "30", "destination_wallet": 1, "destination_price": "0.0000010", "source_wallet": 11, "source_price": "1000000"}}, {"pk": 65, "model": "wallet.commission", "fields": {"time_limit": "2016-03-03T01:30:00Z", "destination_amount": "0.08871202", "source_amount": "95.06421428", "destination_wallet": 6, "destination_price": "0.000933179963374121", "source_wallet": 11, "source_price": "1071.60466281796"}}, {"pk": 66, "model": "wallet.commission", "fields": {"time_limit": "2016-03-03T01:30:00Z", "destination_amount": "1.05970468", "source_amount": "1.05970468", "destination_wallet": 6, "destination_price": "1", "source_wallet": 11, "source_price": "1"}}, {"pk": 67, "model": "wallet.commission", "fields": {"time_limit": "2016-03-03T01:30:00Z", "destination_amount": "0.0396662", "source_amount": "44.36339641", "destination_wallet": 6, "destination_price": "0.000894120000042621", "source_wallet": 11, "source_price": "1118.41810937272"}}, {"pk": 68, "model": "wallet.commission", "fields": {"time_limit": "2016-03-03T01:30:00Z", "destination_amount": "0.001", "source_amount": "1.28690191", "destination_wallet": 6, "destination_price": "0.000777060001410675", "source_wallet": 11, "source_price": "1286.90191"}}, {"pk": 69, "model": "wallet.commission", "fields": {"time_limit": "2016-03-03T01:30:00Z", "destination_amount": "0.00004302", "source_amount": "0.08190127", "destination_wallet": 6, "destination_price": "0.000525266580115302", "source_wallet": 11, "source_price": "1903.79521152952"}}, {"pk": 70, "model": "wallet.commission", "fields": {"time_limit": "2016-03-03T01:30:00Z", "destination_amount": "0.0000166", "source_amount": "10", "destination_wallet": 6, "destination_price": "0.00000166", "source_wallet": 11, "source_price": "602409.638554217"}}, {"pk": 71, "model": "wallet.commission", "fields": {"time_limit": "2016-03-03T01:30:00Z", "destination_amount": "3232.9843624", "source_amount": "3232.9843624", "destination_wallet": 6, "destination_price": "1", "source_wallet": 11, "source_price": "1"}}, {"pk": 72, "model": "wallet.commission", "fields": {"time_limit": "2016-03-03T01:30:00Z", "destination_amount": "0.0011", "source_amount": "1.14547537", "destination_wallet": 11, "destination_price": "0.000960300001910997", "source_wallet": 6, "source_price": "1041.34124545455"}}, {"pk": 73, "model": "wallet.commission", "fields": {"time_limit": "2016-03-03T01:30:00Z", "destination_amount": "0.00902201", "source_amount": "8.99322994", "destination_wallet": 11, "destination_price": "0.00100320019172111", "source_wallet": 6, "source_price": "996.810016836603"}}, {"pk": 74, "model": "wallet.commission", "fields": {"time_limit": "2016-03-03T01:30:00Z", "destination_amount": "0.0011346", "source_amount": "1.08854404", "destination_wallet": 11, "destination_price": "0.00104230968918814", "source_wallet": 6, "source_price": "959.40775603737"}}, {"pk": 1, "model": "auth.permission", "fields": {"codename": "add_permission", "name": "Can add permission", "content_type": 1}}, {"pk": 2, "model": "auth.permission", "fields": {"codename": "change_permission", "name": "Can change permission", "content_type": 1}}, {"pk": 3, "model": "auth.permission", "fields": {"codename": "delete_permission", "name": "Can delete permission", "content_type": 1}}, {"pk": 4, "model": "auth.permission", "fields": {"codename": "add_group", "name": "Can add group", "content_type": 2}}, {"pk": 5, "model": "auth.permission", "fields": {"codename": "change_group", "name": "Can change group", "content_type": 2}}, {"pk": 6, "model": "auth.permission", "fields": {"codename": "delete_group", "name": "Can delete group", "content_type": 2}}, {"pk": 7, "model": "auth.permission", "fields": {"codename": "add_user", "name": "Can add user", "content_type": 3}}, {"pk": 8, "model": "auth.permission", "fields": {"codename": "change_user", "name": "Can change user", "content_type": 3}}, {"pk": 9, "model": "auth.permission", "fields": {"codename": "delete_user", "name": "Can delete user", "content_type": 3}}, {"pk": 10, "model": "auth.permission", "fields": {"codename": "add_contenttype", "name": "Can add content type", "content_type": 4}}, {"pk": 11, "model": "auth.permission", "fields": {"codename": "change_contenttype", "name": "Can change content type", "content_type": 4}}, {"pk": 12, "model": "auth.permission", "fields": {"codename": "delete_contenttype", "name": "Can delete content type", "content_type": 4}}, {"pk": 13, "model": "auth.permission", "fields": {"codename": "add_session", "name": "Can add session", "content_type": 5}}, {"pk": 14, "model": "auth.permission", "fields": {"codename": "change_session", "name": "Can change session", "content_type": 5}}, {"pk": 15, "model": "auth.permission", "fields": {"codename": "delete_session", "name": "Can delete session", "content_type": 5}}, {"pk": 16, "model": "auth.permission", "fields": {"codename": "add_site", "name": "Can add site", "content_type": 6}}, {"pk": 17, "model": "auth.permission", "fields": {"codename": "change_site", "name": "Can change site", "content_type": 6}}, {"pk": 18, "model": "auth.permission", "fields": {"codename": "delete_site", "name": "Can delete site", "content_type": 6}}, {"pk": 19, "model": "auth.permission", "fields": {"codename": "add_logentry", "name": "Can add log entry", "content_type": 7}}, {"pk": 20, "model": "auth.permission", "fields": {"codename": "change_logentry", "name": "Can change log entry", "content_type": 7}}, {"pk": 21, "model": "auth.permission", "fields": {"codename": "delete_logentry", "name": "Can delete log entry", "content_type": 7}}, {"pk": 22, "model": "auth.permission", "fields": {"codename": "add_userproxy", "name": "Can add user proxy", "content_type": 8}}, {"pk": 23, "model": "auth.permission", "fields": {"codename": "change_userproxy", "name": "Can change user proxy", "content_type": 8}}, {"pk": 24, "model": "auth.permission", "fields": {"codename": "delete_userproxy", "name": "Can delete user proxy", "content_type": 8}}, {"pk": 25, "model": "auth.permission", "fields": {"codename": "add_cryptocurrency", "name": "Can add cryptocurrency", "content_type": 9}}, {"pk": 26, "model": "auth.permission", "fields": {"codename": "change_cryptocurrency", "name": "Can change cryptocurrency", "content_type": 9}}, {"pk": 27, "model": "auth.permission", "fields": {"codename": "delete_cryptocurrency", "name": "Can delete cryptocurrency", "content_type": 9}}, {"pk": 28, "model": "auth.permission", "fields": {"codename": "add_commission", "name": "Can add commission", "content_type": 10}}, {"pk": 29, "model": "auth.permission", "fields": {"codename": "change_commission", "name": "Can change commission", "content_type": 10}}, {"pk": 30, "model": "auth.permission", "fields": {"codename": "delete_commission", "name": "Can delete commission", "content_type": 10}}, {"pk": 31, "model": "auth.permission", "fields": {"codename": "add_history", "name": "Can add history", "content_type": 11}}, {"pk": 32, "model": "auth.permission", "fields": {"codename": "change_history", "name": "Can change history", "content_type": 11}}, {"pk": 33, "model": "auth.permission", "fields": {"codename": "delete_history", "name": "Can delete history", "content_type": 11}}, {"pk": 34, "model": "auth.permission", "fields": {"codename": "add_commissionhistory", "name": "Can add commission history", "content_type": 12}}, {"pk": 35, "model": "auth.permission", "fields": {"codename": "change_commissionhistory", "name": "Can change commission history", "content_type": 12}}, {"pk": 36, "model": "auth.permission", "fields": {"codename": "delete_commissionhistory", "name": "Can delete commission history", "content_type": 12}}, {"pk": 37, "model": "auth.permission", "fields": {"codename": "add_deposithistory", "name": "Can add deposit history", "content_type": 13}}, {"pk": 38, "model": "auth.permission", "fields": {"codename": "change_deposithistory", "name": "Can change deposit history", "content_type": 13}}, {"pk": 39, "model": "auth.permission", "fields": {"codename": "delete_deposithistory", "name": "Can delete deposit history", "content_type": 13}}, {"pk": 40, "model": "auth.permission", "fields": {"codename": "add_withdrawcodes", "name": "Can add withdraw codes", "content_type": 14}}, {"pk": 41, "model": "auth.permission", "fields": {"codename": "change_withdrawcodes", "name": "Can change withdraw codes", "content_type": 14}}, {"pk": 42, "model": "auth.permission", "fields": {"codename": "delete_withdrawcodes", "name": "Can delete withdraw codes", "content_type": 14}}, {"pk": 43, "model": "auth.permission", "fields": {"codename": "add_userwallet", "name": "Can add user wallet", "content_type": 15}}, {"pk": 44, "model": "auth.permission", "fields": {"codename": "change_userwallet", "name": "Can change user wallet", "content_type": 15}}, {"pk": 45, "model": "auth.permission", "fields": {"codename": "delete_userwallet", "name": "Can delete user wallet", "content_type": 15}}, {"pk": 46, "model": "auth.permission", "fields": {"codename": "add_plnwallet", "name": "Can add pln wallet", "content_type": 15}}, {"pk": 47, "model": "auth.permission", "fields": {"codename": "change_plnwallet", "name": "Can change pln wallet", "content_type": 15}}, {"pk": 48, "model": "auth.permission", "fields": {"codename": "delete_plnwallet", "name": "Can delete pln wallet", "content_type": 15}}, {"pk": 49, "model": "auth.permission", "fields": {"codename": "add_litewallet", "name": "Can add lite wallet", "content_type": 15}}, {"pk": 50, "model": "auth.permission", "fields": {"codename": "change_litewallet", "name": "Can change lite wallet", "content_type": 15}}, {"pk": 51, "model": "auth.permission", "fields": {"codename": "delete_litewallet", "name": "Can delete lite wallet", "content_type": 15}}, {"pk": 52, "model": "auth.permission", "fields": {"codename": "add_userprofile", "name": "Can add user", "content_type": 8}}, {"pk": 53, "model": "auth.permission", "fields": {"codename": "change_userprofile", "name": "Can change user", "content_type": 8}}, {"pk": 54, "model": "auth.permission", "fields": {"codename": "delete_userprofile", "name": "Can delete user", "content_type": 8}}, {"pk": 55, "model": "auth.permission", "fields": {"codename": "add_usernotconfirmed", "name": "Can add user not confirmed", "content_type": 19}}, {"pk": 56, "model": "auth.permission", "fields": {"codename": "change_usernotconfirmed", "name": "Can change user not confirmed", "content_type": 19}}, {"pk": 57, "model": "auth.permission", "fields": {"codename": "delete_usernotconfirmed", "name": "Can delete user not confirmed", "content_type": 19}}, {"pk": 58, "model": "auth.permission", "fields": {"codename": "add_newss", "name": "Can add newss", "content_type": 20}}, {"pk": 59, "model": "auth.permission", "fields": {"codename": "change_newss", "name": "Can change newss", "content_type": 20}}, {"pk": 60, "model": "auth.permission", "fields": {"codename": "delete_newss", "name": "Can delete newss", "content_type": 20}}, {"pk": 1, "model": "auth.user", "fields": {"username": "admin", "first_name": "", "last_name": "", "is_active": true, "is_superuser": true, "is_staff": true, "last_login": "2014-06-07T16:05:27.020Z", "groups": [], "user_permissions": [], "password": "pbkdf2_sha256$10000$vAJ3wjw5zzpc$SITCR0nZazY06w324cL556bTJLx2O2rpbUDrgeKpLd4=", "email": "admin@admin.pl", "date_joined": "2014-06-03T20:37:00.885Z"}}, {"pk": 2, "model": "auth.user", "fields": {"username": "Chrystian", "first_name": "Chrystian", "last_name": "Kis\u0142o", "is_active": true, "is_superuser": false, "is_staff": false, "last_login": "2014-06-07T16:46:18.370Z", "groups": [], "user_permissions": [], "password": "pbkdf2_sha256$10000$ZqhaZgjOuKWx$40r8b91AQ7/GGbHtb0xawmeJiv29giEVADFyh5KO9Dk=", "email": "chrystian_1@gazeta.pl", "date_joined": "2014-06-03T20:38:42.211Z"}}, {"pk": 3, "model": "auth.user", "fields": {"username": "Stefan", "first_name": "Stefan", "last_name": "Ejsmont", "is_active": true, "is_superuser": false, "is_staff": false, "last_login": "2014-06-07T16:45:46.777Z", "groups": [], "user_permissions": [], "password": "pbkdf2_sha256$10000$gxjZD1aeo01A$OQdRLRJMwLvtzMsscoMIo8G8Ps82TrTpqpAFS7KGKX8=", "email": "", "date_joined": "2014-06-03T20:39:11Z"}}, {"pk": 4, "model": "auth.user", "fields": {"username": "Karol", "first_name": "Karol", "last_name": "", "is_active": true, "is_superuser": false, "is_staff": false, "last_login": "2014-06-07T16:45:57.731Z", "groups": [], "user_permissions": [], "password": "pbkdf2_sha256$10000$2B4rkXNWgxkb$iU+EvEGCGs1PEdsPsRLKo7nmxNf3O6i5pxAGK/z5fa4=", "email": "", "date_joined": "2014-06-03T20:39:38Z"}}, {"pk": 5, "model": "auth.user", "fields": {"username": "Olga", "first_name": "", "last_name": "", "is_active": true, "is_superuser": false, "is_staff": false, "last_login": "2014-06-03T20:39:52Z", "groups": [], "user_permissions": [], "password": "202cb962ac59075b964b07152d234b70", "email": "", "date_joined": "2014-06-03T20:39:52Z"}}, {"pk": 6, "model": "auth.user", "fields": {"username": "Piotr", "first_name": "Piotr", "last_name": "Wyszkowski", "is_active": true, "is_superuser": false, "is_staff": false, "last_login": "2014-06-03T20:40:07Z", "groups": [], "user_permissions": [], "password": "202cb962ac59075b964b07152d234b70", "email": "", "date_joined": "2014-06-03T20:40:07Z"}}, {"pk": 1, "model": "admin.logentry", "fields": {"action_flag": 1, "action_time": "2014-06-03T20:39:38.763Z", "object_repr": "Stefan", "object_id": "3", "change_message": "", "user": 1, "content_type": 8}}, {"pk": 2, "model": "admin.logentry", "fields": {"action_flag": 1, "action_time": "2014-06-03T20:39:49.682Z", "object_repr": "Karol", "object_id": "4", "change_message": "", "user": 1, "content_type": 8}}, {"pk": 3, "model": "admin.logentry", "fields": {"action_flag": 2, "action_time": "2014-06-03T20:39:52.226Z", "object_repr": "Karol", "object_id": "4", "change_message": "No fields changed.", "user": 1, "content_type": 8}}, {"pk": 4, "model": "admin.logentry", "fields": {"action_flag": 1, "action_time": "2014-06-03T20:40:07.210Z", "object_repr": "Olga", "object_id": "5", "change_message": "", "user": 1, "content_type": 8}}, {"pk": 5, "model": "admin.logentry", "fields": {"action_flag": 1, "action_time": "2014-06-03T20:40:42.282Z", "object_repr": "Piotr", "object_id": "6", "change_message": "", "user": 1, "content_type": 8}}, {"pk": 6, "model": "admin.logentry", "fields": {"action_flag": 1, "action_time": "2014-06-03T20:44:01.377Z", "object_repr": "Lite", "object_id": "1", "change_message": "", "user": 1, "content_type": 9}}, {"pk": 7, "model": "admin.logentry", "fields": {"action_flag": 1, "action_time": "2014-06-03T20:44:08.664Z", "object_repr": "PLN", "object_id": "2", "change_message": "", "user": 1, "content_type": 9}}, {"pk": 8, "model": "admin.logentry", "fields": {"action_flag": 2, "action_time": "2014-06-03T20:44:34.713Z", "object_repr": "Portfel PLN u\u017cytkownika Chrystian", "object_id": "6", "change_message": "Changed account_balance.", "user": 1, "content_type": 15}}, {"pk": 9, "model": "admin.logentry", "fields": {"action_flag": 2, "action_time": "2014-06-03T20:44:38.991Z", "object_repr": "Portfel PLN u\u017cytkownika Piotr", "object_id": "10", "change_message": "Changed account_balance.", "user": 1, "content_type": 15}}, {"pk": 10, "model": "admin.logentry", "fields": {"action_flag": 2, "action_time": "2014-06-03T20:44:43.120Z", "object_repr": "Portfel PLN u\u017cytkownika Olga", "object_id": "9", "change_message": "Changed account_balance.", "user": 1, "content_type": 15}}, {"pk": 11, "model": "admin.logentry", "fields": {"action_flag": 2, "action_time": "2014-06-03T20:44:46.759Z", "object_repr": "Portfel PLN u\u017cytkownika Karol", "object_id": "8", "change_message": "Changed account_balance.", "user": 1, "content_type": 15}}, {"pk": 12, "model": "admin.logentry", "fields": {"action_flag": 2, "action_time": "2014-06-03T20:44:50.856Z", "object_repr": "Portfel PLN u\u017cytkownika Stefan", "object_id": "7", "change_message": "Changed account_balance.", "user": 1, "content_type": 15}}, {"pk": 13, "model": "admin.logentry", "fields": {"action_flag": 2, "action_time": "2014-06-03T20:44:56.712Z", "object_repr": "Portfel Lite u\u017cytkownika Piotr", "object_id": "5", "change_message": "Changed account_balance.", "user": 1, "content_type": 15}}, {"pk": 14, "model": "admin.logentry", "fields": {"action_flag": 2, "action_time": "2014-06-03T20:45:02.362Z", "object_repr": "Portfel Lite u\u017cytkownika Olga", "object_id": "4", "change_message": "Changed account_balance.", "user": 1, "content_type": 15}}, {"pk": 15, "model": "admin.logentry", "fields": {"action_flag": 2, "action_time": "2014-06-03T20:45:07.712Z", "object_repr": "Portfel Lite u\u017cytkownika Stefan", "object_id": "2", "change_message": "Changed account_balance.", "user": 1, "content_type": 15}}, {"pk": 16, "model": "admin.logentry", "fields": {"action_flag": 2, "action_time": "2014-06-03T20:45:11.296Z", "object_repr": "Portfel Lite u\u017cytkownika Karol", "object_id": "3", "change_message": "Changed account_balance.", "user": 1, "content_type": 15}}, {"pk": 17, "model": "admin.logentry", "fields": {"action_flag": 2, "action_time": "2014-06-03T20:45:14.559Z", "object_repr": "Portfel Lite u\u017cytkownika Chrystian", "object_id": "1", "change_message": "Changed account_balance.", "user": 1, "content_type": 15}}, {"pk": 18, "model": "admin.logentry", "fields": {"action_flag": 3, "action_time": "2014-06-07T16:05:38.929Z", "object_repr": "Kryptowaluta Lite", "object_id": "1", "change_message": "", "user": 1, "content_type": 9}}, {"pk": 19, "model": "admin.logentry", "fields": {"action_flag": 3, "action_time": "2014-06-07T16:05:38.934Z", "object_repr": "Kryptowaluta PLN", "object_id": "2", "change_message": "", "user": 1, "content_type": 9}}, {"pk": 20, "model": "admin.logentry", "fields": {"action_flag": 1, "action_time": "2014-06-07T16:05:43.350Z", "object_repr": "Kryptowaluta BTC", "object_id": "1", "change_message": "", "user": 1, "content_type": 9}}, {"pk": 21, "model": "admin.logentry", "fields": {"action_flag": 1, "action_time": "2014-06-07T16:05:51.101Z", "object_repr": "Kryptowaluta LTC", "object_id": "2", "change_message": "", "user": 1, "content_type": 9}}, {"pk": 22, "model": "admin.logentry", "fields": {"action_flag": 1, "action_time": "2014-06-07T16:06:00.836Z", "object_repr": "Kryptowaluta GLDC", "object_id": "3", "change_message": "", "user": 1, "content_type": 9}}, {"pk": 2, "model": "index.userprofile", "fields": {"url": "", "phone_number": "507606346", "company": "", "groups": [], "user_permissions": []}}, {"pk": 3, "model": "index.userprofile", "fields": {"url": "", "phone_number": "0", "company": "", "groups": [], "user_permissions": []}}, {"pk": 4, "model": "index.userprofile", "fields": {"url": "", "phone_number": "1", "company": "", "groups": [], "user_permissions": []}}, {"pk": 5, "model": "index.userprofile", "fields": {"url": "", "phone_number": "1", "company": "", "groups": [], "user_permissions": []}}, {"pk": 6, "model": "index.userprofile", "fields": {"url": "", "phone_number": "2", "company": "", "groups": [], "user_permissions": []}}, {"pk": 1, "model": "wallet.userwallet", "fields": {"cryptocurrency": 1, "account_balance": "344385.27300035", "user": 2, "code": ""}}, {"pk": 2, "model": "wallet.userwallet", "fields": {"cryptocurrency": 1, "account_balance": "123123439.679136", "user": 3, "code": ""}}, {"pk": 3, "model": "wallet.userwallet", "fields": {"cryptocurrency": 1, "account_balance": "1.92535458", "user": 4, "code": ""}}, {"pk": 4, "model": "wallet.userwallet", "fields": {"cryptocurrency": 1, "account_balance": "123.45", "user": 5, "code": ""}}, {"pk": 5, "model": "wallet.userwallet", "fields": {"cryptocurrency": 1, "account_balance": "10000", "user": 6, "code": ""}}, {"pk": 6, "model": "wallet.userwallet", "fields": {"cryptocurrency": 2, "account_balance": "235545.03518887", "user": 2, "code": ""}}, {"pk": 7, "model": "wallet.userwallet", "fields": {"cryptocurrency": 2, "account_balance": "1228012.72206384", "user": 3, "code": ""}}, {"pk": 8, "model": "wallet.userwallet", "fields": {"cryptocurrency": 2, "account_balance": "45533.77275065", "user": 4, "code": ""}}, {"pk": 9, "model": "wallet.userwallet", "fields": {"cryptocurrency": 2, "account_balance": "1323", "user": 5, "code": ""}}, {"pk": 10, "model": "wallet.userwallet", "fields": {"cryptocurrency": 2, "account_balance": "0", "user": 6, "code": ""}}, {"pk": 11, "model": "wallet.userwallet", "fields": {"cryptocurrency": 3, "account_balance": "217391.61777988", "user": 2, "code": ""}}, {"pk": 12, "model": "wallet.userwallet", "fields": {"cryptocurrency": 3, "account_balance": "4330903.16285267", "user": 3, "code": ""}}, {"pk": 13, "model": "wallet.userwallet", "fields": {"cryptocurrency": 3, "account_balance": "117508.75238848", "user": 4, "code": ""}}, {"pk": 14, "model": "wallet.userwallet", "fields": {"cryptocurrency": 3, "account_balance": "10.434", "user": 5, "code": ""}}, {"pk": 15, "model": "wallet.userwallet", "fields": {"cryptocurrency": 3, "account_balance": "10", "user": 6, "code": ""}}, {"pk": 1, "model": "wallet.deposithistory", "fields": {"confirmed": false, "executed_time": "2014-06-07T16:45:30.016Z", "cryptocurrency": 1, "amount": "345334.33445", "user": 2, "wallet_address": "1LxZ84RfAscG7KYpsnqit3i283g5WgBURQ", "deposit": true}}, {"pk": 2, "model": "wallet.deposithistory", "fields": {"confirmed": false, "executed_time": "2014-06-07T16:45:30.026Z", "cryptocurrency": 2, "amount": "232344.543432", "user": 2, "wallet_address": "1LasdfcG7KYpsnqit3i283g5WasdfsddRQ", "deposit": true}}, {"pk": 3, "model": "wallet.deposithistory", "fields": {"confirmed": false, "executed_time": "2014-06-07T16:45:30.036Z", "cryptocurrency": 3, "amount": "234234.343434", "user": 2, "wallet_address": "34jktnkjngkdfjgnkdbndkjfbnslWgBURQ", "deposit": true}}, {"pk": 4, "model": "wallet.deposithistory", "fields": {"confirmed": false, "executed_time": "2014-06-07T16:45:30.047Z", "cryptocurrency": 1, "amount": "123123123.343434", "user": 3, "wallet_address": "1LxZ84RfAscG7KYpsnqit3i283g5WgBDGF", "deposit": true}}, {"pk": 5, "model": "wallet.deposithistory", "fields": {"confirmed": false, "executed_time": "2014-06-07T16:45:30.059Z", "cryptocurrency": 2, "amount": "1231233.4343", "user": 3, "wallet_address": "1LxZ84RfAscFRG7KYpsdf3i283g5WgBURQ", "deposit": true}}, {"pk": 6, "model": "wallet.deposithistory", "fields": {"confirmed": false, "executed_time": "2014-06-07T16:45:30.070Z", "cryptocurrency": 3, "amount": "4324234.2324", "user": 3, "wallet_address": "1LxZ84RfAscG7KYpsnsdfg34tgrtgb45te", "deposit": true}}, {"pk": 7, "model": "wallet.deposithistory", "fields": {"confirmed": false, "executed_time": "2014-06-07T16:45:30.081Z", "cryptocurrency": 1, "amount": "545.234", "user": 4, "wallet_address": "34H89F7OW34GHOIBUSNODB7IYODF8GB7SH", "deposit": true}}, {"pk": 8, "model": "wallet.deposithistory", "fields": {"confirmed": false, "executed_time": "2014-06-07T16:45:30.090Z", "cryptocurrency": 2, "amount": "45545", "user": 4, "wallet_address": "9DF8SB7SUY9ERJTOW489UGOCR8TVBJSDOP", "deposit": true}}, {"pk": 9, "model": "wallet.deposithistory", "fields": {"confirmed": false, "executed_time": "2014-06-07T16:45:30.100Z", "cryptocurrency": 3, "amount": "123123", "user": 4, "wallet_address": "VBWE4M8CUG59WU4CV9GW9ERCTGOSEIRGVL", "deposit": true}}, {"pk": 10, "model": "wallet.deposithistory", "fields": {"confirmed": false, "executed_time": "2014-06-07T16:45:30.110Z", "cryptocurrency": 1, "amount": "123.45", "user": 5, "wallet_address": "1LxZ84RfAscGVBW4NKJ5NG4L5T39RGRJKF", "deposit": true}}, {"pk": 11, "model": "wallet.deposithistory", "fields": {"confirmed": false, "executed_time": "2014-06-07T16:45:30.122Z", "cryptocurrency": 2, "amount": "1323", "user": 5, "wallet_address": "4RJ398FGJODVJNEROGVJWPE48G5UJPOTGI", "deposit": true}}, {"pk": 12, "model": "wallet.deposithistory", "fields": {"confirmed": false, "executed_time": "2014-06-07T16:45:30.136Z", "cryptocurrency": 3, "amount": "10.434", "user": 5, "wallet_address": "RGN3QP2389GPJDFIVFSDVJASLFKDJSLKJF", "deposit": true}}, {"pk": 13, "model": "wallet.deposithistory", "fields": {"confirmed": false, "executed_time": "2014-06-07T16:45:30.146Z", "cryptocurrency": 1, "amount": "10000", "user": 6, "wallet_address": "UNG4OIF5YRG897FVYO9SD8BOI8SDUFBSD8", "deposit": true}}, {"pk": 14, "model": "wallet.deposithistory", "fields": {"confirmed": false, "executed_time": "2014-06-07T16:45:30.156Z", "cryptocurrency": 2, "amount": "0", "user": 6, "wallet_address": "POG4JKOPGYRU8TF9BUJOFIGBJOFGIBJBBG", "deposit": true}}, {"pk": 15, "model": "wallet.deposithistory", "fields": {"confirmed": false, "executed_time": "2014-06-07T16:45:30.166Z", "cryptocurrency": 3, "amount": "10", "user": 6, "wallet_address": "54GU8ED9RGUTVBJSDPOIUBJHSFGBU8F9G8", "deposit": true}}, {"pk": 1, "model": "wallet.history", "fields": {"purchaser": 3, "cryptocurrency_sold": 1, "amount_sold": "0.09050625", "executed_time": "2014-06-07T16:45:50.140Z", "amount_bought": "0.00000153", "seller": 2, "sold_price": "59154.4117647059", "create_time": "2014-06-07T16:45:39.641Z", "cryptocurrency_bought": 3, "bought_price": "0.0000169049098819142", "commission_id": null}}, {"pk": 2, "model": "wallet.history", "fields": {"purchaser": 3, "cryptocurrency_sold": 1, "amount_sold": "34.69569003", "executed_time": "2014-06-07T16:45:50.176Z", "amount_bought": "0.00058844", "seller": 2, "sold_price": "58962.154221331", "create_time": "2014-06-07T16:45:39.650Z", "cryptocurrency_bought": 3, "bought_price": "0.0000169600316203886", "commission_id": null}}, {"pk": 3, "model": "wallet.history", "fields": {"purchaser": 3, "cryptocurrency_sold": 1, "amount_sold": "191.96234052", "executed_time": "2014-06-07T16:45:50.211Z", "amount_bought": "0.003248", "seller": 2, "sold_price": "59101.7058251232", "create_time": "2014-06-07T16:45:39.663Z", "cryptocurrency_bought": 3, "bought_price": "0.0000169199854054791", "commission_id": null}}, {"pk": 4, "model": "wallet.history", "fields": {"purchaser": 3, "cryptocurrency_sold": 1, "amount_sold": "0.09901407", "executed_time": "2014-06-07T16:45:50.245Z", "amount_bought": "0.00000168", "seller": 2, "sold_price": "58936.9464285714", "create_time": "2014-06-07T16:45:39.673Z", "cryptocurrency_bought": 3, "bought_price": "0.000016967285558507", "commission_id": null}}, {"pk": 5, "model": "wallet.history", "fields": {"purchaser": 3, "cryptocurrency_sold": 1, "amount_sold": "0.09822053", "executed_time": "2014-06-07T16:45:50.284Z", "amount_bought": "0.00000166", "seller": 2, "sold_price": "59168.9939759036", "create_time": "2014-06-07T16:45:39.683Z", "cryptocurrency_bought": 3, "bought_price": "0.0000169007436632647", "commission_id": null}}, {"pk": 6, "model": "wallet.history", "fields": {"purchaser": 3, "cryptocurrency_sold": 1, "amount_sold": "89.41710262", "executed_time": "2014-06-07T16:45:50.316Z", "amount_bought": "0.00208252", "seller": 2, "sold_price": "42936.9718514108", "create_time": "2014-06-07T16:45:39.692Z", "cryptocurrency_bought": 3, "bought_price": "0.0000232899516868734", "commission_id": null}}, {"pk": 7, "model": "wallet.history", "fields": {"purchaser": 3, "cryptocurrency_sold": 3, "amount_sold": "125", "executed_time": "2014-06-07T16:45:50.359Z", "amount_bought": "0.00202", "seller": 2, "sold_price": "61881.1881188119", "create_time": "2014-06-07T16:45:39.702Z", "cryptocurrency_bought": 1, "bought_price": "0.00001616", "commission_id": null}}, {"pk": 8, "model": "wallet.history", "fields": {"purchaser": 3, "cryptocurrency_sold": 3, "amount_sold": "0.01500347", "executed_time": "2014-06-07T16:45:50.424Z", "amount_bought": "2.4E-7", "seller": 2, "sold_price": "62514.4583333334", "create_time": "2014-06-07T16:45:39.712Z", "cryptocurrency_bought": 1, "bought_price": "0.0000159962995227104", "commission_id": null}}, {"pk": 9, "model": "wallet.history", "fields": {"purchaser": 3, "cryptocurrency_sold": 3, "amount_sold": "0.0432217", "executed_time": "2014-06-07T16:45:50.486Z", "amount_bought": "6.8E-7", "seller": 2, "sold_price": "63561.3235294118", "create_time": "2014-06-07T16:45:39.723Z", "cryptocurrency_bought": 1, "bought_price": "0.0000157328379031829", "commission_id": null}}, {"pk": 10, "model": "wallet.history", "fields": {"purchaser": 3, "cryptocurrency_sold": 3, "amount_sold": "1111", "executed_time": "2014-06-07T16:45:50.542Z", "amount_bought": "0.01353198", "seller": 2, "sold_price": "82101.8062397373", "create_time": "2014-06-07T16:45:39.733Z", "cryptocurrency_bought": 1, "bought_price": "0.00001218", "commission_id": null}}, {"pk": 11, "model": "wallet.history", "fields": {"purchaser": 3, "cryptocurrency_sold": 3, "amount_sold": "948.3489054", "executed_time": "2014-06-07T16:45:50.596Z", "amount_bought": "0.01148451", "seller": 2, "sold_price": "82576.3489604694", "create_time": "2014-06-07T16:45:39.743Z", "cryptocurrency_bought": 1, "bought_price": "0.0000121100050146164", "commission_id": null}}, {"pk": 12, "model": "wallet.history", "fields": {"purchaser": 3, "cryptocurrency_sold": 3, "amount_sold": "15", "executed_time": "2014-06-07T16:45:50.658Z", "amount_bought": "0.000105", "seller": 2, "sold_price": "142857.142857143", "create_time": "2014-06-07T16:45:39.753Z", "cryptocurrency_bought": 1, "bought_price": "0.0000070", "commission_id": null}}, {"pk": 13, "model": "wallet.history", "fields": {"purchaser": 3, "cryptocurrency_sold": 3, "amount_sold": "30", "executed_time": "2014-06-07T16:45:50.723Z", "amount_bought": "0.000030", "seller": 2, "sold_price": "1000000", "create_time": "2014-06-07T16:45:39.762Z", "cryptocurrency_bought": 1, "bought_price": "0.0000010", "commission_id": null}}, {"pk": 14, "model": "wallet.history", "fields": {"purchaser": 3, "cryptocurrency_sold": 3, "amount_sold": "95.06421428", "executed_time": "2014-06-07T16:45:50.778Z", "amount_bought": "0.08871202", "seller": 2, "sold_price": "1071.60466281796", "create_time": "2014-06-07T16:45:39.774Z", "cryptocurrency_bought": 2, "bought_price": "0.000933179963374121", "commission_id": null}}, {"pk": 15, "model": "wallet.history", "fields": {"purchaser": 3, "cryptocurrency_sold": 3, "amount_sold": "1.05970468", "executed_time": "2014-06-07T16:45:50.841Z", "amount_bought": "1.05970468", "seller": 2, "sold_price": "1", "create_time": "2014-06-07T16:45:39.784Z", "cryptocurrency_bought": 2, "bought_price": "1", "commission_id": null}}, {"pk": 16, "model": "wallet.history", "fields": {"purchaser": 3, "cryptocurrency_sold": 3, "amount_sold": "44.36339641", "executed_time": "2014-06-07T16:45:50.901Z", "amount_bought": "0.0396662", "seller": 2, "sold_price": "1118.41810937272", "create_time": "2014-06-07T16:45:39.794Z", "cryptocurrency_bought": 2, "bought_price": "0.000894120000042621", "commission_id": null}}, {"pk": 17, "model": "wallet.history", "fields": {"purchaser": 3, "cryptocurrency_sold": 3, "amount_sold": "1.28690191", "executed_time": "2014-06-07T16:45:50.957Z", "amount_bought": "0.001", "seller": 2, "sold_price": "1286.90191", "create_time": "2014-06-07T16:45:39.804Z", "cryptocurrency_bought": 2, "bought_price": "0.000777060001410675", "commission_id": null}}, {"pk": 18, "model": "wallet.history", "fields": {"purchaser": 3, "cryptocurrency_sold": 3, "amount_sold": "0.08190127", "executed_time": "2014-06-07T16:45:51.021Z", "amount_bought": "0.00004302", "seller": 2, "sold_price": "1903.79521152952", "create_time": "2014-06-07T16:45:39.813Z", "cryptocurrency_bought": 2, "bought_price": "0.000525266580115302", "commission_id": null}}, {"pk": 19, "model": "wallet.history", "fields": {"purchaser": 3, "cryptocurrency_sold": 3, "amount_sold": "10", "executed_time": "2014-06-07T16:45:51.069Z", "amount_bought": "0.0000166", "seller": 2, "sold_price": "602409.638554217", "create_time": "2014-06-07T16:45:39.822Z", "cryptocurrency_bought": 2, "bought_price": "0.00000166", "commission_id": null}}, {"pk": 20, "model": "wallet.history", "fields": {"purchaser": 3, "cryptocurrency_sold": 3, "amount_sold": "3232.9843624", "executed_time": "2014-06-07T16:45:51.129Z", "amount_bought": "3232.9843624", "seller": 2, "sold_price": "1", "create_time": "2014-06-07T16:45:39.833Z", "cryptocurrency_bought": 2, "bought_price": "1", "commission_id": null}}, {"pk": 21, "model": "wallet.history", "fields": {"purchaser": 3, "cryptocurrency_sold": 2, "amount_sold": "1.14547537", "executed_time": "2014-06-07T16:45:51.185Z", "amount_bought": "0.0011", "seller": 2, "sold_price": "1041.34124545455", "create_time": "2014-06-07T16:45:39.843Z", "cryptocurrency_bought": 3, "bought_price": "0.000960300001910997", "commission_id": null}}, {"pk": 22, "model": "wallet.history", "fields": {"purchaser": 3, "cryptocurrency_sold": 2, "amount_sold": "8.99322994", "executed_time": "2014-06-07T16:45:51.249Z", "amount_bought": "0.00902201", "seller": 2, "sold_price": "996.810016836603", "create_time": "2014-06-07T16:45:39.853Z", "cryptocurrency_bought": 3, "bought_price": "0.00100320019172111", "commission_id": null}}, {"pk": 23, "model": "wallet.history", "fields": {"purchaser": 3, "cryptocurrency_sold": 2, "amount_sold": "1.08854404", "executed_time": "2014-06-07T16:45:51.305Z", "amount_bought": "0.0011346", "seller": 2, "sold_price": "959.40775603737", "create_time": "2014-06-07T16:45:39.862Z", "cryptocurrency_bought": 3, "bought_price": "0.00104230968918814", "commission_id": null}}, {"pk": 24, "model": "wallet.history", "fields": {"purchaser": null, "cryptocurrency_sold": 1, "amount_sold": "0.09050625", "executed_time": null, "amount_bought": "0.00000153", "seller": 4, "sold_price": "59154.4117647059", "create_time": "2014-06-07T16:46:00.397Z", "cryptocurrency_bought": 3, "bought_price": "0.0000169049098819142", "commission_id": 1}}, {"pk": 25, "model": "wallet.history", "fields": {"purchaser": null, "cryptocurrency_sold": 1, "amount_sold": "34.69569003", "executed_time": null, "amount_bought": "0.00058844", "seller": 4, "sold_price": "58962.154221331", "create_time": "2014-06-07T16:46:00.408Z", "cryptocurrency_bought": 3, "bought_price": "0.0000169600316203886", "commission_id": 2}}, {"pk": 26, "model": "wallet.history", "fields": {"purchaser": null, "cryptocurrency_sold": 1, "amount_sold": "191.96234052", "executed_time": null, "amount_bought": "0.003248", "seller": 4, "sold_price": "59101.7058251232", "create_time": "2014-06-07T16:46:00.417Z", "cryptocurrency_bought": 3, "bought_price": "0.0000169199854054791", "commission_id": 3}}, {"pk": 27, "model": "wallet.history", "fields": {"purchaser": null, "cryptocurrency_sold": 1, "amount_sold": "0.09901407", "executed_time": null, "amount_bought": "0.00000168", "seller": 4, "sold_price": "58936.9464285714", "create_time": "2014-06-07T16:46:00.428Z", "cryptocurrency_bought": 3, "bought_price": "0.000016967285558507", "commission_id": 4}}, {"pk": 28, "model": "wallet.history", "fields": {"purchaser": null, "cryptocurrency_sold": 1, "amount_sold": "0.09822053", "executed_time": null, "amount_bought": "0.00000166", "seller": 4, "sold_price": "59168.9939759036", "create_time": "2014-06-07T16:46:00.437Z", "cryptocurrency_bought": 3, "bought_price": "0.0000169007436632647", "commission_id": 5}}, {"pk": 29, "model": "wallet.history", "fields": {"purchaser": null, "cryptocurrency_sold": 1, "amount_sold": "89.41710262", "executed_time": null, "amount_bought": "0.00208252", "seller": 4, "sold_price": "42936.9718514108", "create_time": "2014-06-07T16:46:00.446Z", "cryptocurrency_bought": 3, "bought_price": "0.0000232899516868734", "commission_id": 6}}, {"pk": 30, "model": "wallet.history", "fields": {"purchaser": null, "cryptocurrency_sold": 3, "amount_sold": "125", "executed_time": null, "amount_bought": "0.00202", "seller": 4, "sold_price": "61881.1881188119", "create_time": "2014-06-07T16:46:00.455Z", "cryptocurrency_bought": 1, "bought_price": "0.00001616", "commission_id": 7}}, {"pk": 31, "model": "wallet.history", "fields": {"purchaser": null, "cryptocurrency_sold": 3, "amount_sold": "0.01500347", "executed_time": null, "amount_bought": "2.4E-7", "seller": 4, "sold_price": "62514.4583333334", "create_time": "2014-06-07T16:46:00.464Z", "cryptocurrency_bought": 1, "bought_price": "0.0000159962995227104", "commission_id": 8}}, {"pk": 32, "model": "wallet.history", "fields": {"purchaser": null, "cryptocurrency_sold": 3, "amount_sold": "0.0432217", "executed_time": null, "amount_bought": "6.8E-7", "seller": 4, "sold_price": "63561.3235294118", "create_time": "2014-06-07T16:46:00.480Z", "cryptocurrency_bought": 1, "bought_price": "0.0000157328379031829", "commission_id": 9}}, {"pk": 33, "model": "wallet.history", "fields": {"purchaser": null, "cryptocurrency_sold": 3, "amount_sold": "1111", "executed_time": null, "amount_bought": "0.01353198", "seller": 4, "sold_price": "82101.8062397373", "create_time": "2014-06-07T16:46:00.495Z", "cryptocurrency_bought": 1, "bought_price": "0.00001218", "commission_id": 10}}, {"pk": 34, "model": "wallet.history", "fields": {"purchaser": null, "cryptocurrency_sold": 3, "amount_sold": "948.3489054", "executed_time": null, "amount_bought": "0.01148451", "seller": 4, "sold_price": "82576.3489604694", "create_time": "2014-06-07T16:46:00.517Z", "cryptocurrency_bought": 1, "bought_price": "0.0000121100050146164", "commission_id": 11}}, {"pk": 35, "model": "wallet.history", "fields": {"purchaser": null, "cryptocurrency_sold": 3, "amount_sold": "15", "executed_time": null, "amount_bought": "0.000105", "seller": 4, "sold_price": "142857.142857143", "create_time": "2014-06-07T16:46:00.531Z", "cryptocurrency_bought": 1, "bought_price": "0.0000070", "commission_id": 12}}, {"pk": 36, "model": "wallet.history", "fields": {"purchaser": null, "cryptocurrency_sold": 1, "amount_sold": "0.09050625", "executed_time": null, "amount_bought": "0.00000153", "seller": 4, "sold_price": "59154.4117647059", "create_time": "2014-06-07T16:46:00.544Z", "cryptocurrency_bought": 3, "bought_price": "0.0000169049098819142", "commission_id": 13}}, {"pk": 37, "model": "wallet.history", "fields": {"purchaser": null, "cryptocurrency_sold": 1, "amount_sold": "34.69569003", "executed_time": null, "amount_bought": "0.00058844", "seller": 4, "sold_price": "58962.154221331", "create_time": "2014-06-07T16:46:00.555Z", "cryptocurrency_bought": 3, "bought_price": "0.0000169600316203886", "commission_id": 15}}, {"pk": 38, "model": "wallet.history", "fields": {"purchaser": null, "cryptocurrency_sold": 1, "amount_sold": "191.96234052", "executed_time": null, "amount_bought": "0.003248", "seller": 4, "sold_price": "59101.7058251232", "create_time": "2014-06-07T16:46:00.566Z", "cryptocurrency_bought": 3, "bought_price": "0.0000169199854054791", "commission_id": 16}}, {"pk": 39, "model": "wallet.history", "fields": {"purchaser": null, "cryptocurrency_sold": 1, "amount_sold": "0.09901407", "executed_time": null, "amount_bought": "0.00000168", "seller": 4, "sold_price": "58936.9464285714", "create_time": "2014-06-07T16:46:00.575Z", "cryptocurrency_bought": 3, "bought_price": "0.000016967285558507", "commission_id": 17}}, {"pk": 40, "model": "wallet.history", "fields": {"purchaser": null, "cryptocurrency_sold": 3, "amount_sold": "30", "executed_time": null, "amount_bought": "0.000030", "seller": 4, "sold_price": "1000000", "create_time": "2014-06-07T16:46:00.546Z", "cryptocurrency_bought": 1, "bought_price": "0.0000010", "commission_id": 14}}, {"pk": 41, "model": "wallet.history", "fields": {"purchaser": null, "cryptocurrency_sold": 1, "amount_sold": "0.09822053", "executed_time": null, "amount_bought": "0.00000166", "seller": 4, "sold_price": "59168.9939759036", "create_time": "2014-06-07T16:46:00.585Z", "cryptocurrency_bought": 3, "bought_price": "0.0000169007436632647", "commission_id": 18}}, {"pk": 42, "model": "wallet.history", "fields": {"purchaser": null, "cryptocurrency_sold": 3, "amount_sold": "95.06421428", "executed_time": null, "amount_bought": "0.08871202", "seller": 4, "sold_price": "1071.60466281796", "create_time": "2014-06-07T16:46:00.603Z", "cryptocurrency_bought": 2, "bought_price": "0.000933179963374121", "commission_id": 19}}, {"pk": 43, "model": "wallet.history", "fields": {"purchaser": null, "cryptocurrency_sold": 3, "amount_sold": "1.05970468", "executed_time": null, "amount_bought": "1.05970468", "seller": 4, "sold_price": "1", "create_time": "2014-06-07T16:46:00.624Z", "cryptocurrency_bought": 2, "bought_price": "1", "commission_id": 20}}, {"pk": 44, "model": "wallet.history", "fields": {"purchaser": null, "cryptocurrency_sold": 3, "amount_sold": "44.36339641", "executed_time": null, "amount_bought": "0.0396662", "seller": 4, "sold_price": "1118.41810937272", "create_time": "2014-06-07T16:46:00.638Z", "cryptocurrency_bought": 2, "bought_price": "0.000894120000042621", "commission_id": 21}}, {"pk": 45, "model": "wallet.history", "fields": {"purchaser": null, "cryptocurrency_sold": 3, "amount_sold": "1.28690191", "executed_time": null, "amount_bought": "0.001", "seller": 4, "sold_price": "1286.90191", "create_time": "2014-06-07T16:46:00.652Z", "cryptocurrency_bought": 2, "bought_price": "0.000777060001410675", "commission_id": 22}}, {"pk": 46, "model": "wallet.history", "fields": {"purchaser": null, "cryptocurrency_sold": 3, "amount_sold": "0.08190127", "executed_time": null, "amount_bought": "0.00004302", "seller": 4, "sold_price": "1903.79521152952", "create_time": "2014-06-07T16:46:00.668Z", "cryptocurrency_bought": 2, "bought_price": "0.000525266580115302", "commission_id": 23}}, {"pk": 47, "model": "wallet.history", "fields": {"purchaser": null, "cryptocurrency_sold": 3, "amount_sold": "10", "executed_time": null, "amount_bought": "0.0000166", "seller": 4, "sold_price": "602409.638554217", "create_time": "2014-06-07T16:46:00.687Z", "cryptocurrency_bought": 2, "bought_price": "0.00000166", "commission_id": 24}}, {"pk": 48, "model": "wallet.history", "fields": {"purchaser": null, "cryptocurrency_sold": 3, "amount_sold": "3232.9843624", "executed_time": null, "amount_bought": "3232.9843624", "seller": 4, "sold_price": "1", "create_time": "2014-06-07T16:46:00.702Z", "cryptocurrency_bought": 2, "bought_price": "1", "commission_id": 25}}, {"pk": 49, "model": "wallet.history", "fields": {"purchaser": null, "cryptocurrency_sold": 2, "amount_sold": "1.14547537", "executed_time": null, "amount_bought": "0.0011", "seller": 4, "sold_price": "1041.34124545455", "create_time": "2014-06-07T16:46:00.718Z", "cryptocurrency_bought": 3, "bought_price": "0.000960300001910997", "commission_id": 26}}, {"pk": 50, "model": "wallet.history", "fields": {"purchaser": null, "cryptocurrency_sold": 2, "amount_sold": "8.99322994", "executed_time": null, "amount_bought": "0.00902201", "seller": 4, "sold_price": "996.810016836603", "create_time": "2014-06-07T16:46:00.729Z", "cryptocurrency_bought": 3, "bought_price": "0.00100320019172111", "commission_id": 27}}, {"pk": 51, "model": "wallet.history", "fields": {"purchaser": null, "cryptocurrency_sold": 2, "amount_sold": "1.08854404", "executed_time": null, "amount_bought": "0.0011346", "seller": 4, "sold_price": "959.40775603737", "create_time": "2014-06-07T16:46:00.743Z", "cryptocurrency_bought": 3, "bought_price": "0.00104230968918814", "commission_id": 28}}, {"pk": 52, "model": "wallet.history", "fields": {"purchaser": null, "cryptocurrency_sold": 1, "amount_sold": "0.09050625", "executed_time": null, "amount_bought": "0.00000153", "seller": 2, "sold_price": "59154.4117647059", "create_time": "2014-06-07T16:46:21.675Z", "cryptocurrency_bought": 3, "bought_price": "0.0000169049098819142", "commission_id": 29}}, {"pk": 53, "model": "wallet.history", "fields": {"purchaser": null, "cryptocurrency_sold": 1, "amount_sold": "34.69569003", "executed_time": null, "amount_bought": "0.00058844", "seller": 2, "sold_price": "58962.154221331", "create_time": "2014-06-07T16:46:21.685Z", "cryptocurrency_bought": 3, "bought_price": "0.0000169600316203886", "commission_id": 30}}, {"pk": 54, "model": "wallet.history", "fields": {"purchaser": null, "cryptocurrency_sold": 1, "amount_sold": "191.96234052", "executed_time": null, "amount_bought": "0.003248", "seller": 2, "sold_price": "59101.7058251232", "create_time": "2014-06-07T16:46:21.695Z", "cryptocurrency_bought": 3, "bought_price": "0.0000169199854054791", "commission_id": 31}}, {"pk": 55, "model": "wallet.history", "fields": {"purchaser": null, "cryptocurrency_sold": 1, "amount_sold": "0.09901407", "executed_time": null, "amount_bought": "0.00000168", "seller": 2, "sold_price": "58936.9464285714", "create_time": "2014-06-07T16:46:21.704Z", "cryptocurrency_bought": 3, "bought_price": "0.000016967285558507", "commission_id": 32}}, {"pk": 56, "model": "wallet.history", "fields": {"purchaser": null, "cryptocurrency_sold": 1, "amount_sold": "0.09822053", "executed_time": null, "amount_bought": "0.00000166", "seller": 2, "sold_price": "59168.9939759036", "create_time": "2014-06-07T16:46:21.714Z", "cryptocurrency_bought": 3, "bought_price": "0.0000169007436632647", "commission_id": 33}}, {"pk": 57, "model": "wallet.history", "fields": {"purchaser": null, "cryptocurrency_sold": 1, "amount_sold": "89.41710262", "executed_time": null, "amount_bought": "0.00208252", "seller": 2, "sold_price": "42936.9718514108", "create_time": "2014-06-07T16:46:21.727Z", "cryptocurrency_bought": 3, "bought_price": "0.0000232899516868734", "commission_id": 34}}, {"pk": 58, "model": "wallet.history", "fields": {"purchaser": null, "cryptocurrency_sold": 3, "amount_sold": "125", "executed_time": null, "amount_bought": "0.00202", "seller": 2, "sold_price": "61881.1881188119", "create_time": "2014-06-07T16:46:21.737Z", "cryptocurrency_bought": 1, "bought_price": "0.00001616", "commission_id": 35}}, {"pk": 59, "model": "wallet.history", "fields": {"purchaser": null, "cryptocurrency_sold": 3, "amount_sold": "0.01500347", "executed_time": null, "amount_bought": "2.4E-7", "seller": 2, "sold_price": "62514.4583333334", "create_time": "2014-06-07T16:46:21.747Z", "cryptocurrency_bought": 1, "bought_price": "0.0000159962995227104", "commission_id": 36}}, {"pk": 60, "model": "wallet.history", "fields": {"purchaser": null, "cryptocurrency_sold": 3, "amount_sold": "0.0432217", "executed_time": null, "amount_bought": "6.8E-7", "seller": 2, "sold_price": "63561.3235294118", "create_time": "2014-06-07T16:46:21.757Z", "cryptocurrency_bought": 1, "bought_price": "0.0000157328379031829", "commission_id": 37}}, {"pk": 61, "model": "wallet.history", "fields": {"purchaser": null, "cryptocurrency_sold": 3, "amount_sold": "1111", "executed_time": null, "amount_bought": "0.01353198", "seller": 2, "sold_price": "82101.8062397373", "create_time": "2014-06-07T16:46:21.768Z", "cryptocurrency_bought": 1, "bought_price": "0.00001218", "commission_id": 38}}, {"pk": 62, "model": "wallet.history", "fields": {"purchaser": null, "cryptocurrency_sold": 3, "amount_sold": "948.3489054", "executed_time": null, "amount_bought": "0.01148451", "seller": 2, "sold_price": "82576.3489604694", "create_time": "2014-06-07T16:46:21.778Z", "cryptocurrency_bought": 1, "bought_price": "0.0000121100050146164", "commission_id": 39}}, {"pk": 63, "model": "wallet.history", "fields": {"purchaser": null, "cryptocurrency_sold": 3, "amount_sold": "15", "executed_time": null, "amount_bought": "0.000105", "seller": 2, "sold_price": "142857.142857143", "create_time": "2014-06-07T16:46:21.796Z", "cryptocurrency_bought": 1, "bought_price": "0.0000070", "commission_id": 40}}, {"pk": 64, "model": "wallet.history", "fields": {"purchaser": null, "cryptocurrency_sold": 3, "amount_sold": "30", "executed_time": null, "amount_bought": "0.000030", "seller": 2, "sold_price": "1000000", "create_time": "2014-06-07T16:46:21.810Z", "cryptocurrency_bought": 1, "bought_price": "0.0000010", "commission_id": 41}}, {"pk": 65, "model": "wallet.history", "fields": {"purchaser": null, "cryptocurrency_sold": 3, "amount_sold": "95.06421428", "executed_time": null, "amount_bought": "0.08871202", "seller": 2, "sold_price": "1071.60466281796", "create_time": "2014-06-07T16:46:21.824Z", "cryptocurrency_bought": 2, "bought_price": "0.000933179963374121", "commission_id": 42}}, {"pk": 66, "model": "wallet.history", "fields": {"purchaser": null, "cryptocurrency_sold": 3, "amount_sold": "1.05970468", "executed_time": null, "amount_bought": "1.05970468", "seller": 2, "sold_price": "1", "create_time": "2014-06-07T16:46:21.835Z", "cryptocurrency_bought": 2, "bought_price": "1", "commission_id": 43}}, {"pk": 67, "model": "wallet.history", "fields": {"purchaser": null, "cryptocurrency_sold": 3, "amount_sold": "44.36339641", "executed_time": null, "amount_bought": "0.0396662", "seller": 2, "sold_price": "1118.41810937272", "create_time": "2014-06-07T16:46:21.846Z", "cryptocurrency_bought": 2, "bought_price": "0.000894120000042621", "commission_id": 44}}, {"pk": 68, "model": "wallet.history", "fields": {"purchaser": null, "cryptocurrency_sold": 1, "amount_sold": "0.09050625", "executed_time": null, "amount_bought": "0.00000153", "seller": 2, "sold_price": "59154.4117647059", "create_time": "2014-06-07T16:46:21.850Z", "cryptocurrency_bought": 3, "bought_price": "0.0000169049098819142", "commission_id": 45}}, {"pk": 69, "model": "wallet.history", "fields": {"purchaser": null, "cryptocurrency_sold": 3, "amount_sold": "1.28690191", "executed_time": null, "amount_bought": "0.001", "seller": 2, "sold_price": "1286.90191", "create_time": "2014-06-07T16:46:21.864Z", "cryptocurrency_bought": 2, "bought_price": "0.000777060001410675", "commission_id": 46}}, {"pk": 70, "model": "wallet.history", "fields": {"purchaser": null, "cryptocurrency_sold": 3, "amount_sold": "0.08190127", "executed_time": null, "amount_bought": "0.00004302", "seller": 2, "sold_price": "1903.79521152952", "create_time": "2014-06-07T16:46:21.876Z", "cryptocurrency_bought": 2, "bought_price": "0.000525266580115302", "commission_id": 48}}, {"pk": 71, "model": "wallet.history", "fields": {"purchaser": null, "cryptocurrency_sold": 1, "amount_sold": "34.69569003", "executed_time": null, "amount_bought": "0.00058844", "seller": 2, "sold_price": "58962.154221331", "create_time": "2014-06-07T16:46:21.867Z", "cryptocurrency_bought": 3, "bought_price": "0.0000169600316203886", "commission_id": 47}}, {"pk": 72, "model": "wallet.history", "fields": {"purchaser": null, "cryptocurrency_sold": 3, "amount_sold": "10", "executed_time": null, "amount_bought": "0.0000166", "seller": 2, "sold_price": "602409.638554217", "create_time": "2014-06-07T16:46:21.885Z", "cryptocurrency_bought": 2, "bought_price": "0.00000166", "commission_id": 49}}, {"pk": 73, "model": "wallet.history", "fields": {"purchaser": null, "cryptocurrency_sold": 1, "amount_sold": "191.96234052", "executed_time": null, "amount_bought": "0.003248", "seller": 2, "sold_price": "59101.7058251232", "create_time": "2014-06-07T16:46:21.898Z", "cryptocurrency_bought": 3, "bought_price": "0.0000169199854054791", "commission_id": 50}}, {"pk": 74, "model": "wallet.history", "fields": {"purchaser": null, "cryptocurrency_sold": 3, "amount_sold": "3232.9843624", "executed_time": null, "amount_bought": "3232.9843624", "seller": 2, "sold_price": "1", "create_time": "2014-06-07T16:46:21.903Z", "cryptocurrency_bought": 2, "bought_price": "1", "commission_id": 51}}, {"pk": 75, "model": "wallet.history", "fields": {"purchaser": null, "cryptocurrency_sold": 2, "amount_sold": "1.14547537", "executed_time": null, "amount_bought": "0.0011", "seller": 2, "sold_price": "1041.34124545455", "create_time": "2014-06-07T16:46:21.915Z", "cryptocurrency_bought": 3, "bought_price": "0.000960300001910997", "commission_id": 52}}, {"pk": 76, "model": "wallet.history", "fields": {"purchaser": null, "cryptocurrency_sold": 1, "amount_sold": "0.09901407", "executed_time": null, "amount_bought": "0.00000168", "seller": 2, "sold_price": "58936.9464285714", "create_time": "2014-06-07T16:46:21.919Z", "cryptocurrency_bought": 3, "bought_price": "0.000016967285558507", "commission_id": 53}}, {"pk": 77, "model": "wallet.history", "fields": {"purchaser": null, "cryptocurrency_sold": 1, "amount_sold": "0.09822053", "executed_time": null, "amount_bought": "0.00000166", "seller": 2, "sold_price": "59168.9939759036", "create_time": "2014-06-07T16:46:21.938Z", "cryptocurrency_bought": 3, "bought_price": "0.0000169007436632647", "commission_id": 55}}, {"pk": 78, "model": "wallet.history", "fields": {"purchaser": null, "cryptocurrency_sold": 2, "amount_sold": "8.99322994", "executed_time": null, "amount_bought": "0.00902201", "seller": 2, "sold_price": "996.810016836603", "create_time": "2014-06-07T16:46:21.936Z", "cryptocurrency_bought": 3, "bought_price": "0.00100320019172111", "commission_id": 54}}, {"pk": 79, "model": "wallet.history", "fields": {"purchaser": null, "cryptocurrency_sold": 1, "amount_sold": "89.41710262", "executed_time": null, "amount_bought": "0.00208252", "seller": 2, "sold_price": "42936.9718514108", "create_time": "2014-06-07T16:46:21.950Z", "cryptocurrency_bought": 3, "bought_price": "0.0000232899516868734", "commission_id": 56}}, {"pk": 80, "model": "wallet.history", "fields": {"purchaser": null, "cryptocurrency_sold": 2, "amount_sold": "1.08854404", "executed_time": null, "amount_bought": "0.0011346", "seller": 2, "sold_price": "959.40775603737", "create_time": "2014-06-07T16:46:21.964Z", "cryptocurrency_bought": 3, "bought_price": "0.00104230968918814", "commission_id": 57}}, {"pk": 81, "model": "wallet.history", "fields": {"purchaser": null, "cryptocurrency_sold": 3, "amount_sold": "125", "executed_time": null, "amount_bought": "0.00202", "seller": 2, "sold_price": "61881.1881188119", "create_time": "2014-06-07T16:46:21.968Z", "cryptocurrency_bought": 1, "bought_price": "0.00001616", "commission_id": 58}}, {"pk": 82, "model": "wallet.history", "fields": {"purchaser": null, "cryptocurrency_sold": 3, "amount_sold": "0.01500347", "executed_time": null, "amount_bought": "2.4E-7", "seller": 2, "sold_price": "62514.4583333334", "create_time": "2014-06-07T16:46:21.981Z", "cryptocurrency_bought": 1, "bought_price": "0.0000159962995227104", "commission_id": 59}}, {"pk": 83, "model": "wallet.history", "fields": {"purchaser": null, "cryptocurrency_sold": 3, "amount_sold": "0.0432217", "executed_time": null, "amount_bought": "6.8E-7", "seller": 2, "sold_price": "63561.3235294118", "create_time": "2014-06-07T16:46:21.991Z", "cryptocurrency_bought": 1, "bought_price": "0.0000157328379031829", "commission_id": 60}}, {"pk": 84, "model": "wallet.history", "fields": {"purchaser": null, "cryptocurrency_sold": 3, "amount_sold": "1111", "executed_time": null, "amount_bought": "0.01353198", "seller": 2, "sold_price": "82101.8062397373", "create_time": "2014-06-07T16:46:22Z", "cryptocurrency_bought": 1, "bought_price": "0.00001218", "commission_id": 61}}, {"pk": 85, "model": "wallet.history", "fields": {"purchaser": null, "cryptocurrency_sold": 3, "amount_sold": "948.3489054", "executed_time": null, "amount_bought": "0.01148451", "seller": 2, "sold_price": "82576.3489604694", "create_time": "2014-06-07T16:46:22.010Z", "cryptocurrency_bought": 1, "bought_price": "0.0000121100050146164", "commission_id": 62}}, {"pk": 86, "model": "wallet.history", "fields": {"purchaser": null, "cryptocurrency_sold": 3, "amount_sold": "15", "executed_time": null, "amount_bought": "0.000105", "seller": 2, "sold_price": "142857.142857143", "create_time": "2014-06-07T16:46:22.020Z", "cryptocurrency_bought": 1, "bought_price": "0.0000070", "commission_id": 63}}, {"pk": 87, "model": "wallet.history", "fields": {"purchaser": null, "cryptocurrency_sold": 3, "amount_sold": "30", "executed_time": null, "amount_bought": "0.000030", "seller": 2, "sold_price": "1000000", "create_time": "2014-06-07T16:46:22.029Z", "cryptocurrency_bought": 1, "bought_price": "0.0000010", "commission_id": 64}}, {"pk": 88, "model": "wallet.history", "fields": {"purchaser": null, "cryptocurrency_sold": 3, "amount_sold": "95.06421428", "executed_time": null, "amount_bought": "0.08871202", "seller": 2, "sold_price": "1071.60466281796", "create_time": "2014-06-07T16:46:22.040Z", "cryptocurrency_bought": 2, "bought_price": "0.000933179963374121", "commission_id": 65}}, {"pk": 89, "model": "wallet.history", "fields": {"purchaser": null, "cryptocurrency_sold": 3, "amount_sold": "1.05970468", "executed_time": null, "amount_bought": "1.05970468", "seller": 2, "sold_price": "1", "create_time": "2014-06-07T16:46:22.049Z", "cryptocurrency_bought": 2, "bought_price": "1", "commission_id": 66}}, {"pk": 90, "model": "wallet.history", "fields": {"purchaser": null, "cryptocurrency_sold": 3, "amount_sold": "44.36339641", "executed_time": null, "amount_bought": "0.0396662", "seller": 2, "sold_price": "1118.41810937272", "create_time": "2014-06-07T16:46:22.058Z", "cryptocurrency_bought": 2, "bought_price": "0.000894120000042621", "commission_id": 67}}, {"pk": 91, "model": "wallet.history", "fields": {"purchaser": null, "cryptocurrency_sold": 3, "amount_sold": "1.28690191", "executed_time": null, "amount_bought": "0.001", "seller": 2, "sold_price": "1286.90191", "create_time": "2014-06-07T16:46:22.070Z", "cryptocurrency_bought": 2, "bought_price": "0.000777060001410675", "commission_id": 68}}, {"pk": 92, "model": "wallet.history", "fields": {"purchaser": null, "cryptocurrency_sold": 3, "amount_sold": "0.08190127", "executed_time": null, "amount_bought": "0.00004302", "seller": 2, "sold_price": "1903.79521152952", "create_time": "2014-06-07T16:46:22.079Z", "cryptocurrency_bought": 2, "bought_price": "0.000525266580115302", "commission_id": 69}}, {"pk": 93, "model": "wallet.history", "fields": {"purchaser": null, "cryptocurrency_sold": 3, "amount_sold": "10", "executed_time": null, "amount_bought": "0.0000166", "seller": 2, "sold_price": "602409.638554217", "create_time": "2014-06-07T16:46:22.088Z", "cryptocurrency_bought": 2, "bought_price": "0.00000166", "commission_id": 70}}, {"pk": 94, "model": "wallet.history", "fields": {"purchaser": null, "cryptocurrency_sold": 3, "amount_sold": "3232.9843624", "executed_time": null, "amount_bought": "3232.9843624", "seller": 2, "sold_price": "1", "create_time": "2014-06-07T16:46:22.098Z", "cryptocurrency_bought": 2, "bought_price": "1", "commission_id": 71}}, {"pk": 95, "model": "wallet.history", "fields": {"purchaser": null, "cryptocurrency_sold": 2, "amount_sold": "1.14547537", "executed_time": null, "amount_bought": "0.0011", "seller": 2, "sold_price": "1041.34124545455", "create_time": "2014-06-07T16:46:22.107Z", "cryptocurrency_bought": 3, "bought_price": "0.000960300001910997", "commission_id": 72}}, {"pk": 96, "model": "wallet.history", "fields": {"purchaser": null, "cryptocurrency_sold": 2, "amount_sold": "8.99322994", "executed_time": null, "amount_bought": "0.00902201", "seller": 2, "sold_price": "996.810016836603", "create_time": "2014-06-07T16:46:22.117Z", "cryptocurrency_bought": 3, "bought_price": "0.00100320019172111", "commission_id": 73}}, {"pk": 97, "model": "wallet.history", "fields": {"purchaser": null, "cryptocurrency_sold": 2, "amount_sold": "1.08854404", "executed_time": null, "amount_bought": "0.0011346", "seller": 2, "sold_price": "959.40775603737", "create_time": "2014-06-07T16:46:22.127Z", "cryptocurrency_bought": 3, "bought_price": "0.00104230968918814", "commission_id": 74}}]